t,price
1.953,1.210016
1.953,1.200401
3.729,1.200300
3.729,1.199422
5.683,1.200449
5.683,1.210326
7.281,1.200503
7.281,1.211766
9.057,1.212070
11.010,1.200861
11.010,1.201016
12.786,1.200760
12.786,1.201584
14.739,1.209556
14.739,1.211610
16.338,1.202462
16.338,1.201476
18.291,1.210123
18.291,1.201327
20.067,1.212846
21.843,1.211353
21.843,1.201990
23.796,1.202611
23.796,1.204307
25.394,1.203435
25.394,1.211503
27.348,1.213002
27.348,1.213671
29.124,1.213408
31.077,1.213563
31.077,1.201530
32.853,1.211300
32.853,1.201685
34.451,1.210070
34.451,1.211246
36.405,1.200557
36.405,1.200861
38.180,1.202097
38.180,1.212948
40.134,1.212637
41.910,1.202868
41.910,1.214130
43.685,1.204307
43.685,1.205077
45.461,1.205286
45.461,1.206833
47.237,1.206361
47.237,1.207860
49.191,1.206057
50.966,1.205185
50.966,1.215158
52.742,1.215725
52.742,1.214590
54.518,1.215725
54.518,1.216603
56.471,1.217266
56.471,1.207394
58.247,1.217887
58.247,1.208475
60.023,1.209861
61.799,1.219583
61.799,1.211150
63.575,1.211503
63.575,1.222258
65.528,1.213408
65.528,1.212590
67.304,1.211204
67.304,1.211718
69.257,1.210894
70.856,1.209705
70.856,1.209962
72.631,1.221434
72.631,1.210380
74.585,1.210476
74.585,1.210273
76.361,1.211246
76.361,1.211300
78.314,1.211246
79.912,1.221177
79.912,1.220204
81.688,1.210529
81.688,1.220610
83.642,1.219786
83.642,1.209347
85.417,1.219529
85.417,1.218603
87.371,1.209914
87.371,1.210016
88.969,1.211557
90.923,1.221123
90.923,1.212745
92.698,1.222103
92.698,1.222001
94.474,1.223900
94.474,1.215265
96.428,1.224724
96.428,1.214184
98.026,1.224264
99.979,1.225859
99.979,1.225238
101.755,1.224778
101.755,1.215617
103.709,1.224927
103.709,1.213563
105.484,1.212231
105.484,1.223488
107.083,1.223285
107.083,1.213718
109.036,1.225751
110.812,1.226420
110.812,1.225907
112.765,1.213927
112.765,1.224671
114.541,1.223488
114.541,1.222461
116.317,1.223333
116.317,1.224569
118.093,1.223697
119.869,1.215211
119.869,1.215361
121.822,1.225136
121.822,1.224724
123.598,1.224360
123.598,1.214644
125.374,1.213975
125.374,1.224521
127.150,1.225035
127.150,1.225292
129.103,1.226934
130.879,1.227812
130.879,1.229920
132.655,1.230326
132.655,1.219786
134.430,1.218812
134.430,1.231257
136.206,1.221380
136.206,1.229866
138.160,1.220150
139.935,1.219272
139.935,1.230690
141.889,1.229460
141.889,1.228068
143.487,1.226779
143.487,1.225698
145.263,1.216806
145.263,1.227704
147.216,1.217779
147.216,1.227143
148.992,1.227041
150.946,1.227704
150.946,1.217319
152.544,1.216907
152.544,1.216955
154.497,1.217678
154.497,1.227961
156.273,1.227812
156.273,1.228122
158.049,1.227089
160.002,1.215104
160.002,1.214954
161.601,1.222975
161.601,1.213927
163.554,1.223028
163.554,1.222407
165.330,1.212279
165.330,1.221231
167.283,1.209914
169.059,1.210380
169.059,1.221380
170.657,1.211353
170.657,1.210685
172.611,1.220508
172.611,1.220556
174.387,1.211461
174.387,1.222258
176.340,1.213306
176.340,1.220974
178.116,1.211353
179.714,1.221123
179.714,1.220508
181.668,1.212894
181.668,1.222150
183.443,1.222616
183.443,1.223130
185.397,1.212745
185.397,1.222670
187.173,1.223333
188.948,1.222407
188.948,1.223028
190.724,1.213975
190.724,1.214184
192.500,1.223076
192.500,1.213927
194.453,1.213205
194.453,1.213462
196.229,1.215570
196.229,1.224778
198.005,1.224360
199.781,1.222616
199.781,1.211867
201.734,1.222359
201.734,1.212124
203.510,1.210476
203.510,1.222258
205.286,1.223440
205.286,1.224312
207.062,1.214441
208.838,1.213515
208.838,1.213927
210.791,1.213462
210.791,1.223130
212.567,1.213103
212.567,1.222670
214.520,1.210637
214.520,1.219380
216.119,1.217887
216.119,1.215874
217.894,1.214644
219.848,1.213874
219.848,1.205077
221.624,1.203536
221.624,1.213820
223.577,1.213820
223.577,1.214387
225.175,1.214751
225.175,1.204671
227.129,1.214901
228.905,1.203327
228.905,1.213617
230.680,1.204104
230.680,1.203536
232.634,1.213820
232.634,1.211300
234.232,1.209705
234.232,1.200557
236.186,1.201637
237.961,1.210273
237.961,1.211097
239.915,1.202097
239.915,1.201990
241.691,1.201428
241.691,1.200706
243.289,1.211097
243.289,1.210894
245.242,1.200706
245.242,1.200145
247.018,1.210380
248.972,1.209813
248.972,1.199834
250.747,1.210786
250.747,1.210123
252.523,1.199064
252.523,1.198807
254.299,1.206982
254.299,1.207908
256.075,1.197875
258.028,1.197362
258.028,1.197523
259.804,1.207956
259.804,1.207860
261.580,1.197672
261.580,1.196848
263.356,1.197833
263.356,1.206415
265.309,1.206469
265.309,1.197009
267.085,1.196078
268.861,1.207239
268.861,1.198753
270.637,1.209036
270.637,1.209090
272.412,1.212022
272.412,1.211610
274.366,1.200604
274.366,1.210989
276.142,1.210476
277.918,1.209914
277.918,1.199936
279.693,1.209759
279.693,1.199374
281.469,1.208374
281.469,1.208266
283.423,1.197833
283.423,1.207185
285.198,1.197618
285.198,1.197571
287.152,1.196544
288.750,1.196699
288.750,1.195928
290.526,1.194125
290.526,1.202611
292.479,1.202503
292.479,1.191659
294.255,1.200760
294.255,1.199219
296.209,1.198138
297.807,1.188930
297.807,1.189037
299.760,1.189240
299.760,1.188571
301.536,1.197212
301.536,1.188673
303.312,1.189037
303.312,1.199780
305.265,1.189294
306.864,1.190010
306.864,1.201070
308.817,1.199422
308.817,1.199010
310.593,1.198652
310.593,1.189139
312.546,1.189294
312.546,1.198443
314.322,1.199834
314.322,1.198293
315.920,1.197266
317.874,1.197105
317.874,1.198293
319.650,1.195564
319.650,1.195516
321.603,1.184098
321.603,1.184152
323.379,1.182707
323.379,1.193611
325.155,1.184976
326.930,1.194232
326.930,1.193767
328.706,1.193868
328.706,1.184301
330.660,1.184409
330.660,1.183173
332.436,1.183477
332.436,1.192017
334.211,1.181166
334.211,1.192584
335.987,1.182402
337.941,1.181065
337.941,1.189957
339.716,1.180396
339.716,1.190166
341.492,1.190267
341.492,1.179673
343.268,1.186672
343.268,1.185693
345.044,1.176234
346.997,1.186463
346.997,1.185747
348.773,1.185747
348.773,1.186875
350.727,1.175410
350.727,1.186929
352.325,1.176126
352.325,1.176437
354.101,1.189861
354.101,1.189957
356.054,1.191091
357.830,1.192990
357.830,1.182605
359.783,1.184098
359.783,1.182862
361.382,1.191300
361.382,1.191862
363.335,1.181680
363.335,1.191402
365.111,1.182659
366.887,1.192686
366.887,1.193408
368.840,1.193767
368.840,1.192895
370.438,1.195206
370.438,1.184301
372.392,1.185538
372.392,1.186822
374.168,1.186929
374.168,1.197780
375.943,1.187592
377.897,1.186409
377.897,1.196442
379.495,1.186822
379.495,1.197929
381.448,1.187078
381.448,1.197833
383.224,1.186409
383.224,1.185490
385.178,1.195307
386.954,1.186003
386.954,1.194949
388.552,1.194692
388.552,1.195003
390.505,1.183382
390.505,1.194591
392.281,1.194591
392.281,1.192990
394.234,1.182964
396.010,1.191450
396.010,1.190679
397.786,1.190835
397.786,1.180808
399.562,1.189497
399.562,1.178646
401.338,1.189700
401.338,1.179417
403.291,1.177261
405.067,1.175613
406.843,1.186260
406.843,1.178031
408.619,1.188673
408.619,1.188983
410.572,1.179160
410.572,1.177721
412.348,1.187287
414.124,1.177518
415.900,1.178133
415.900,1.177464
417.675,1.177930
417.675,1.178336
419.629,1.178234
419.629,1.178545
421.405,1.179470
421.405,1.188983
423.358,1.187956
423.358,1.188416
424.956,1.178186
426.732,1.176383
426.732,1.184504
428.686,1.183943
428.686,1.183842
430.461,1.183382
430.461,1.183221
432.415,1.183686
432.415,1.174991
434.013,1.184558
435.966,1.184248
435.966,1.174329
437.742,1.176281
437.742,1.174072
439.518,1.183991
439.518,1.183788
441.472,1.184612
441.472,1.174275
443.070,1.174991
443.070,1.185490
445.023,1.176072
446.799,1.177362
446.799,1.183991
448.752,1.183895
448.752,1.183382
450.528,1.183895
450.528,1.176072
452.127,1.186206
452.127,1.176586
454.080,1.175099
455.856,1.183842
455.856,1.175099
457.809,1.174478
457.809,1.172633
459.585,1.172322
461.361,1.172477
461.361,1.184248
463.137,1.183842
464.913,1.174382
464.913,1.175869
466.866,1.175302
466.866,1.175505
468.642,1.177619
468.642,1.177977
470.418,1.188362
470.418,1.177052
472.193,1.177207
472.193,1.177410
473.969,1.187389
475.923,1.177565
475.923,1.177362
477.699,1.188523
477.699,1.187592
479.474,1.178133
479.474,1.178903
481.250,1.189395
481.250,1.190118
483.204,1.179835
484.979,1.190321
484.979,1.189909
486.755,1.189497
486.755,1.180551
488.531,1.180444
488.531,1.180396
490.307,1.181119
490.307,1.192274
492.260,1.183018
492.260,1.182707
494.036,1.183734
495.990,1.195152
495.990,1.194489
497.588,1.185179
497.588,1.185126
499.364,1.194537
499.364,1.193504
501.317,1.194125
501.317,1.184558
503.093,1.185382
505.046,1.184504
506.645,1.196335
506.645,1.186003
508.598,1.196287
508.598,1.196233
510.374,1.195875
510.374,1.184504
512.150,1.183477
512.150,1.182707
514.103,1.183686
515.701,1.193205
515.701,1.185072
517.655,1.183734
517.655,1.191300
519.431,1.191706
519.431,1.180497
521.384,1.191915
521.384,1.183585
523.160,1.182450
524.758,1.182605
524.758,1.191145
526.711,1.181889
526.711,1.189186
528.487,1.188362
528.487,1.178443
530.441,1.178646
530.441,1.187699
532.217,1.188314
533.992,1.179470
533.992,1.189037
535.768,1.177930
535.768,1.186720
537.544,1.186003
537.544,1.183734
539.497,1.183274
539.497,1.183477
541.273,1.172680
541.273,1.181525
543.049,1.181525
544.825,1.181268
544.825,1.171552
546.778,1.172376
546.778,1.183274
548.554,1.184719
548.554,1.175302
550.330,1.173451
550.330,1.184558
552.106,1.175463
553.882,1.174275
553.882,1.174173
555.835,1.184206
555.835,1.184355
557.611,1.173301
557.611,1.183842
559.564,1.172836
559.564,1.180957
561.163,1.171295
561.163,1.171653
562.938,1.170471
564.892,1.168978
564.892,1.168154
566.668,1.167282
566.668,1.177153
568.621,1.165586
568.621,1.176025
570.219,1.163992
570.219,1.172268
571.995,1.160594
573.949,1.169187
573.949,1.159154
575.724,1.159262
575.724,1.171038
577.678,1.169957
577.678,1.160032
579.276,1.171295
579.276,1.161364
581.229,1.162039
581.229,1.172065
583.005,1.161728
584.781,1.174532
584.781,1.174329
586.735,1.165383
586.735,1.165174
588.333,1.164917
588.333,1.175869
590.286,1.176281
590.286,1.166303
592.062,1.176640
594.015,1.176586
594.015,1.165687
595.791,1.166559
595.791,1.167025
597.390,1.178545
597.390,1.169187
599.343,1.178592
599.343,1.169390
601.119,1.179106
601.119,1.177930
603.072,1.168363
604.848,1.178389
604.848,1.178079
606.624,1.177464
606.624,1.175206
608.400,1.164863
608.400,1.175463
610.176,1.165944
610.176,1.166046
612.129,1.175613
613.905,1.163424
613.905,1.174735
615.681,1.165843
615.681,1.174991
617.456,1.174842
617.456,1.165843
619.410,1.175206
619.410,1.164039
621.186,1.163735
622.962,1.164039
622.962,1.165735
624.737,1.164660
624.737,1.163478
626.513,1.161836
626.513,1.163120
628.467,1.163783
628.467,1.173863
630.242,1.172579
630.242,1.171187
632.196,1.161985
633.794,1.174585
633.794,1.164404
635.570,1.163323
635.570,1.174687
637.523,1.162958
637.523,1.163066
639.299,1.162499
639.299,1.163424
641.253,1.162958
642.851,1.171910
644.804,1.171396
644.804,1.161573
646.580,1.162755
646.580,1.173964
648.356,1.174585
648.356,1.164350
650.309,1.161931
650.309,1.171552
651.908,1.161878
653.861,1.172991
653.861,1.163012
655.637,1.172889
655.637,1.162093
657.590,1.163376
657.590,1.172836
659.366,1.163012
659.366,1.164863
660.964,1.165532
662.918,1.163890
662.918,1.173815
664.694,1.163992
664.694,1.163269
666.647,1.173606
666.647,1.164708
668.423,1.173505
668.423,1.162958
670.021,1.171809
670.021,1.158641
671.974,1.161215
673.750,1.160134
673.750,1.160958
675.704,1.169444
675.704,1.169802
677.479,1.169957
677.479,1.159262
679.255,1.159154
679.255,1.168464
681.031,1.170268
682.807,1.161012
682.807,1.171910
684.760,1.170674
684.760,1.169593
686.536,1.169647
686.536,1.162296
688.312,1.172167
688.312,1.170059
690.088,1.169187
692.041,1.161059
692.041,1.161621
693.817,1.172268
693.817,1.170674
695.593,1.161268
695.593,1.170525
697.369,1.170214
697.369,1.169754
699.145,1.158384
699.145,1.167640
701.098,1.167491
702.874,1.166153
702.874,1.166249
704.827,1.166816
704.827,1.166870
706.426,1.156790
706.426,1.156688
708.201,1.156019
708.201,1.167234
710.155,1.157154
711.931,1.167748
711.931,1.168052
713.884,1.168464
713.884,1.166613
715.482,1.168620
715.482,1.158074
717.436,1.158283
717.436,1.159566
719.212,1.158330
719.212,1.157870
720.987,1.167383
722.941,1.157464
722.941,1.168978
724.539,1.168673
724.539,1.158283
726.492,1.168005
726.492,1.158492
728.268,1.158748
728.268,1.168154
730.222,1.159674
731.998,1.160235
731.998,1.171498
733.596,1.161836
733.596,1.159674
735.549,1.159411
735.549,1.158796
737.325,1.167127
737.325,1.157978
739.278,1.159411
739.278,1.171092
741.054,1.172680
742.830,1.173146
742.830,1.172268
744.606,1.160594
744.606,1.170572
746.382,1.170214
746.382,1.158898
748.335,1.168721
748.335,1.160289
750.111,1.168208
751.887,1.166464
751.887,1.155195
753.663,1.156993
753.663,1.157464
755.616,1.166924
755.616,1.168005
757.392,1.168930
757.392,1.168620
759.168,1.157769
759.168,1.168620
760.944,1.158026
762.719,1.167127
762.719,1.157560
764.673,1.167587
764.673,1.159208
766.449,1.168620
766.449,1.156330
768.402,1.156276
768.402,1.155404
770.000,1.166816
771.776,1.156533
771.776,1.157100
773.730,1.167539
773.730,1.168518
775.505,1.169032
775.505,1.159722
777.459,1.168721
777.459,1.159053
779.057,1.168775
780.833,1.157978
780.833,1.168566
782.786,1.156587
782.786,1.155661
784.562,1.166153
784.562,1.166559
786.516,1.165843
786.516,1.165897
788.114,1.156073
788.114,1.164559
790.067,1.165431
791.843,1.153607
791.843,1.162863
793.619,1.162499
793.619,1.153093
795.572,1.162755
795.572,1.152060
797.171,1.162039
797.171,1.151081
799.124,1.160958
800.900,1.160235
800.900,1.149128
802.853,1.149026
802.853,1.149952
804.629,1.158695
804.629,1.160647
806.227,1.151851
806.227,1.161782
808.181,1.160904
808.181,1.150053
809.956,1.150155
811.910,1.161268
811.910,1.160391
813.686,1.158850
813.686,1.148357
815.462,1.148507
815.462,1.147689
817.237,1.158330
817.237,1.148465
819.013,1.158748
820.967,1.159262
820.967,1.157978
822.742,1.145837
822.742,1.158235
824.518,1.157100
824.518,1.148154
826.294,1.150107
826.294,1.150310
828.248,1.159465
828.248,1.150412
830.023,1.150931
831.799,1.150465
831.799,1.161215
833.575,1.150722
833.575,1.160803
835.351,1.149385
835.351,1.161012
837.304,1.149898
837.304,1.148817
839.080,1.148465
841.034,1.158181
841.034,1.148614
842.632,1.158898
842.632,1.158492
844.408,1.158898
844.408,1.157870
846.361,1.157303
846.361,1.156587
848.137,1.156993
850.090,1.146865
850.090,1.146709
851.689,1.146506
851.689,1.154479
853.642,1.155404
853.642,1.155303
855.418,1.143932
855.418,1.153242
857.194,1.144189
857.194,1.143061
859.147,1.144243
860.745,1.143473
860.745,1.143729
862.699,1.153863
862.699,1.143526
864.475,1.143932
864.475,1.153756
866.428,1.153189
866.428,1.152729
868.204,1.142189
869.802,1.142959
869.802,1.152108
871.755,1.151134
871.755,1.150519
873.531,1.141723
873.531,1.141878
875.485,1.143108
875.485,1.144141
877.260,1.142648
877.260,1.153607
878.859,1.152986
880.812,1.153350
880.812,1.152986
882.588,1.142756
882.588,1.142290
884.541,1.151594
884.541,1.151648
886.317,1.152574
886.317,1.143526
888.093,1.144398
889.869,1.145324
889.869,1.145378
891.645,1.154837
891.645,1.155147
893.598,1.156019
893.598,1.156790
895.374,1.156479
895.374,1.145939
897.150,1.146506
897.150,1.143932
898.926,1.143473
900.879,1.155506
900.879,1.155195
902.655,1.147074
902.655,1.155661
904.431,1.145378
904.431,1.146405
906.207,1.157046
906.207,1.146196
907.982,1.145736
909.936,1.144960
909.936,1.154891
911.712,1.153499
911.712,1.152729
913.665,1.145067
913.665,1.155303
915.263,1.146405
915.263,1.157411
917.039,1.146303
918.993,1.154682
918.993,1.155350
920.768,1.145013
920.768,1.142804
922.722,1.143837
922.722,1.153039
924.320,1.152729
924.320,1.151290
926.273,1.150465
926.273,1.140182
928.049,1.149898
929.825,1.140540
929.825,1.151391
931.778,1.140075
931.778,1.138641
933.377,1.147898
933.377,1.137710
935.330,1.147121
935.330,1.137919
937.106,1.146506
939.059,1.147736
939.059,1.148722
940.835,1.137405
940.835,1.138385
942.433,1.148154
942.433,1.148465
944.387,1.138588
944.387,1.139101
946.163,1.150364
946.163,1.150155
948.116,1.140385
949.892,1.151134
949.892,1.141777
951.668,1.151290
951.668,1.142033
953.444,1.151905
953.444,1.151391
955.219,1.141311
955.219,1.151702
957.173,1.141878
958.949,1.151445
958.949,1.150776
960.725,1.149438
960.725,1.150155
962.500,1.140027
962.500,1.141209
964.454,1.151755
964.454,1.141209
966.230,1.150519
966.230,1.139203
968.005,1.148722
969.781,1.138277
969.781,1.148465
971.557,1.140284
971.557,1.149797
973.511,1.140284
973.511,1.152675
975.286,1.152783
975.286,1.143473
977.062,1.152675
978.838,1.151803
978.838,1.152108
980.614,1.152574
980.614,1.141263
982.567,1.142756
984.343,1.141669
984.343,1.150519
986.297,1.141054
986.297,1.151391
987.895,1.142804
989.671,1.152878
989.671,1.142595
991.624,1.143676
991.624,1.154783
993.400,1.146094
993.400,1.146196
995.353,1.155918
995.353,1.155452
996.951,1.146709
998.905,1.146865
998.905,1.147121
1000.681,1.146148
1000.681,1.146918
1002.457,1.147384
1002.457,1.156993
1004.410,1.156384
1004.410,1.156533
1006.008,1.147074
1007.962,1.148304
1007.962,1.146918
1009.737,1.155816
1009.737,1.155709
1011.691,1.146709
1011.691,1.157303
1013.467,1.147790
1013.467,1.156945
1015.065,1.146560
1015.065,1.144141
1017.018,1.155404
1018.794,1.154938
1018.794,1.144350
1020.748,1.153350
1020.748,1.153607
1022.523,1.142648
1022.523,1.152675
1024.299,1.142595
1024.299,1.143729
1026.075,1.153959
1027.851,1.153350
1027.851,1.151905
1029.804,1.143986
1029.804,1.142392
1031.580,1.151134
1031.580,1.141824
1033.356,1.141568
1033.356,1.153039
1035.132,1.143061
1035.132,1.143783
1037.085,1.153350
1038.861,1.154425
1038.861,1.155040
1040.637,1.154168
1040.637,1.144446
1042.413,1.154066
1042.413,1.144655
1044.189,1.143729
1044.189,1.142595
1046.142,1.153702
1047.918,1.142905
1047.918,1.143108
1049.871,1.144243
1049.871,1.154735
1051.469,1.155506
1051.469,1.146040
1053.245,1.155303
1053.245,1.153702
1055.199,1.144040
1055.199,1.154735
1056.975,1.154682
1058.928,1.144500
1058.928,1.154992
1060.526,1.153863
1060.526,1.144446
1062.480,1.154425
1062.480,1.154783
1064.255,1.154222
1064.255,1.155303
1066.031,1.146094
1067.985,1.155195
1067.985,1.145939
1069.583,1.145939
1069.583,1.155452
1071.536,1.155147
1071.536,1.145682
1073.312,1.156330
1073.312,1.145067
1075.088,1.146303
1077.041,1.145013
1077.041,1.154323
1078.640,1.153702
1078.640,1.154526
1080.593,1.155559
1080.593,1.156479
1082.369,1.155965
1082.369,1.156330
1084.322,1.147074
1084.322,1.146405
1086.098,1.155607
1087.696,1.155864
1087.696,1.156587
1089.650,1.145784
1089.650,1.154992
1091.426,1.146608
1091.426,1.147432
1093.379,1.147790
1093.379,1.151081
1095.155,1.161215
1096.931,1.160701
1096.931,1.160134
1098.707,1.162349
1098.707,1.162093
1100.482,1.152269
1100.482,1.151546
1102.436,1.151337
1102.436,1.152269
1104.212,1.161573
1104.212,1.161012
1105.988,1.152060
1107.763,1.151905
1107.763,1.151648
1109.717,1.151033
1111.493,1.160235
1111.493,1.150722
1113.268,1.158235
1113.268,1.148047
1115.044,1.146405
1116.820,1.146303
1116.820,1.157249
1118.774,1.158127
1118.774,1.158438
1120.549,1.148925
1120.549,1.157100
1122.503,1.148507
1122.503,1.159411
1124.101,1.150465
1124.101,1.160803
1125.877,1.161728
1127.830,1.161418
1127.830,1.151648
1129.606,1.153039
1129.606,1.162140
1131.559,1.160850
1131.559,1.150209
1133.158,1.149898
1133.158,1.148561
1135.111,1.149235
1136.887,1.148250
1136.887,1.149540
1138.663,1.158951
1138.663,1.147736
1140.616,1.158283
1140.616,1.148770
1142.214,1.150155
1142.214,1.160904
1144.168,1.152836
1145.944,1.161985
1145.944,1.151546
1147.897,1.161931
1147.897,1.149588
1149.673,1.148817
1149.673,1.158951
1151.271,1.160546
1151.271,1.152317
1153.225,1.151648
1153.225,1.162809
1155.000,1.162499
1156.954,1.163376
1156.954,1.151958
1158.730,1.149749
1158.730,1.160391
1160.506,1.150262
1160.506,1.159775
1162.281,1.151081
1162.281,1.151493
1164.057,1.160235
1166.011,1.161782
1166.011,1.161985
1167.786,1.162188
1167.786,1.150006
1169.562,1.151337
1169.562,1.163992
1171.338,1.163269
1171.338,1.153296
1173.114,1.151958
1173.114,1.151905
1175.067,1.159877
1176.843,1.149438
1176.843,1.157924
1178.619,1.156431
1178.619,1.155404
1180.395,1.155094
1180.395,1.144607
1182.348,1.146452
1182.348,1.146817
1184.124,1.146196
1185.900,1.146560
1185.900,1.155918
1187.676,1.156945
1187.676,1.148465
1189.452,1.157769
1189.452,1.148357
1191.405,1.160391
1191.405,1.159620
1193.181,1.159208
1193.181,1.158235
1195.134,1.158587
1196.732,1.159877
1196.732,1.149952
1198.508,1.151702
1198.508,1.162911
1200.462,1.153553
1200.462,1.153654
1202.238,1.163120
1202.238,1.153702
1204.191,1.164559
1205.789,1.156121
1205.789,1.167640
1207.743,1.167383
1207.743,1.158181
1209.518,1.168620
1209.518,1.169336
1211.294,1.168978
1211.294,1.166721
1213.248,1.166667
1213.248,1.155195
1214.846,1.156384
1216.799,1.156843
1216.799,1.165735
1218.575,1.163890
1218.575,1.164302
1220.529,1.154735
1220.529,1.164039
1222.304,1.153141
1222.304,1.163012
1223.903,1.153141
1225.856,1.153959
1225.856,1.154270
1227.632,1.166816
1227.632,1.156790
1229.585,1.166559
1229.585,1.156533
1231.361,1.157357
1231.361,1.158283
1233.137,1.158796
1234.913,1.167796
1234.913,1.157100
1236.689,1.159005
1236.689,1.167383
1238.642,1.167437
1238.642,1.156276
1240.418,1.156688
1240.418,1.158283
1242.194,1.159310
1242.194,1.158898
1243.970,1.168464
1245.923,1.158181
1245.923,1.157614
1247.699,1.167073
1247.699,1.156843
1249.475,1.157100
1249.475,1.166303
1251.250,1.166506
1251.250,1.155404
1253.026,1.166303
1254.980,1.156533
1254.980,1.164302
1256.756,1.152621
1256.756,1.149898
1258.709,1.159519
1258.709,1.150979
1260.307,1.149331
1260.307,1.146966
1262.083,1.157046
1262.083,1.146405
1264.036,1.156384
1265.812,1.145527
1265.812,1.145891
1267.766,1.154891
1267.766,1.146148
1269.364,1.155249
1269.364,1.144350
1271.140,1.153141
1271.140,1.143216
1273.093,1.144912
1274.869,1.144350
1274.869,1.153093
1276.822,1.143932
1276.822,1.143216
1278.421,1.152526
1278.421,1.141980
1280.374,1.141878
1280.374,1.149695
1282.150,1.151958
1282.150,1.140385
1283.926,1.139872
1285.879,1.149438
1285.879,1.139561
1287.477,1.149026
1287.477,1.139770
1289.431,1.150878
1289.431,1.139770
1291.207,1.139155
1291.207,1.148101
1293.160,1.148668
1294.936,1.137817
1294.936,1.138844
1296.534,1.148101
1296.534,1.147121
1298.488,1.146763
1298.488,1.136480
1300.263,1.146303
1300.263,1.143676
1302.217,1.135500
1303.993,1.132825
1303.993,1.134318
1305.768,1.144094
1305.768,1.133494
1307.544,1.143837
1307.544,1.143676
1309.320,1.141466
1309.320,1.132467
1311.274,1.133291
1311.274,1.134061
1313.049,1.143216
1314.825,1.133034
1314.825,1.142189
1316.601,1.141621
1316.601,1.142290
1318.554,1.130669
1318.554,1.131439
1320.330,1.141980
1320.330,1.141777
1322.106,1.132932
1323.882,1.142905
1323.882,1.133034
1325.658,1.143216
1325.658,1.134933
1327.611,1.135094
1327.611,1.148202
1329.387,1.138641
1329.387,1.149182
1331.340,1.148817
1331.340,1.140027
1332.939,1.141156
1334.715,1.150006
1334.715,1.140749
1336.668,1.141263
1336.668,1.150675
1338.444,1.138946
1338.444,1.137967
1340.397,1.148561
1340.397,1.137453
1341.995,1.147480
1343.949,1.137405
1343.949,1.137304
1345.725,1.148101
1345.725,1.147898
1347.501,1.146661
1347.501,1.148817
1349.454,1.148871
1349.454,1.148668
1351.052,1.147945
1351.052,1.138223
1353.006,1.148357
1354.781,1.147223
1354.781,1.136426
1356.735,1.148979
1356.735,1.147480
1358.511,1.146661
1358.511,1.146452
1360.109,1.145013
1360.109,1.135703
1362.062,1.136121
1363.838,1.146865
1363.838,1.147945
1365.792,1.137352
1365.792,1.149749
1367.567,1.148925
1367.567,1.139615
1369.166,1.149026
1369.166,1.139048
1371.119,1.150519
1372.895,1.139872
1372.895,1.138898
1374.848,1.140331
1374.848,1.141466
1376.624,1.141156
1376.624,1.150931
1378.400,1.150567
1378.400,1.142392
1380.176,1.154270
1380.176,1.143365
1381.952,1.143061
1383.905,1.141621
1383.905,1.142189
1385.681,1.152932
1385.681,1.143676
1387.457,1.153296
1387.457,1.152836
1389.233,1.153553
1389.233,1.152574
1391.186,1.151905
1392.962,1.151081
1392.962,1.152108
1394.738,1.140696
1394.738,1.152012
1396.513,1.142189
1396.513,1.153810
1398.289,1.154222
1398.289,1.155452
1400.243,1.155452
1400.243,1.145634
1402.019,1.157046
1403.972,1.146763
1403.972,1.145425
1405.570,1.144912
1405.570,1.154735
1407.346,1.144553
1407.346,1.154425
1409.299,1.154526
1409.299,1.145425
1411.075,1.156019
1413.029,1.154270
1413.029,1.145222
1414.627,1.156330
1414.627,1.157100
1416.580,1.147121
1416.580,1.146405
1418.356,1.156479
1418.356,1.147533
1420.132,1.148047
1420.132,1.158026
1422.085,1.149331
1423.684,1.161215
1423.684,1.162863
1425.637,1.150567
1425.637,1.160958
1427.413,1.162188
1427.413,1.153607
1429.366,1.162296
1429.366,1.162397
1431.142,1.162654
1432.740,1.161161
1432.740,1.162039
1434.694,1.153499
1434.694,1.163012
1436.470,1.152012
1436.470,1.152060
1438.423,1.151546
1438.423,1.152269
1440.199,1.162755
1440.199,1.163167
1441.975,1.162606
1443.751,1.152215
1443.751,1.161107
1445.526,1.159005
1445.526,1.150107
1447.480,1.150412
1447.480,1.160803
1449.256,1.151033
1449.256,1.161316
1451.031,1.148411
1452.807,1.158283
1452.807,1.148925
1454.761,1.149283
1454.761,1.147790
1456.537,1.147689
1456.537,1.147432
1458.312,1.158539
1458.312,1.156945
1460.088,1.157769
1461.864,1.156587
1461.864,1.146661
1463.817,1.147384
1463.817,1.147898
1465.593,1.146196
1465.593,1.157046
1467.547,1.158235
1469.145,1.157357
1469.145,1.157769
1470.921,1.158074
1472.874,1.158438
1472.874,1.147277
1474.650,1.157154
1474.650,1.148154
1476.603,1.158695
1476.603,1.157667
1478.202,1.146506
1478.202,1.146608
1479.978,1.146865
1481.931,1.157154
1481.931,1.156174
1483.707,1.144655
1483.707,1.142236
1485.660,1.142648
1485.660,1.153553
1487.258,1.143783
1487.258,1.144960
1489.212,1.146249
1489.212,1.156587
1490.988,1.146452
1492.763,1.155816
1492.763,1.156736
1494.717,1.157303
1494.717,1.147384
1496.315,1.147384
1496.315,1.159208
1498.269,1.158850
1498.269,1.160444
1500.044,1.150053
1501.998,1.148101
1501.998,1.148202
1503.774,1.158695
1503.774,1.158330
1505.372,1.149128
1505.372,1.147993
1507.325,1.157614
1507.325,1.147641
1509.101,1.146817
1509.101,1.155965
1511.055,1.145067
1512.830,1.145736
1512.830,1.143986
1514.606,1.141520
1514.606,1.142648
1516.382,1.154168
1516.382,1.154323
1518.158,1.154992
1518.158,1.145736
1520.111,1.153911
1521.887,1.154377
1521.887,1.145324
1523.663,1.146249
1523.663,1.145479
1525.439,1.154377
1525.439,1.154634
1527.392,1.144553
1527.392,1.144446
1529.168,1.144446
1530.944,1.142648
1530.944,1.151702
1532.720,1.142905
1532.720,1.152878
1534.496,1.140899
1534.496,1.150931
1536.449,1.141108
1536.449,1.140128
1538.225,1.150931
1538.225,1.151702
1540.178,1.141311
1541.776,1.141669
1541.776,1.140439
1543.552,1.148561
1543.552,1.148770
1545.506,1.138689
1545.506,1.149331
1547.281,1.149283
1547.281,1.138223
1549.235,1.147020
1550.833,1.136378
1550.833,1.145891
1552.787,1.145425
1552.787,1.145837
1554.562,1.135500
1554.562,1.136121
1556.338,1.135040
1556.338,1.134622
1558.292,1.135554
1558.292,1.135243
1559.890,1.134879
1561.843,1.145581
1561.843,1.144607
1563.619,1.135142
1563.619,1.144607
1565.573,1.143879
1565.573,1.144189
1567.348,1.132723
1567.348,1.131899
1568.947,1.140899
1570.900,1.131589
1570.900,1.141311
1572.676,1.130723
1572.676,1.130305
1574.629,1.129535
1574.629,1.129176
1576.405,1.137865
1576.405,1.127635
1578.003,1.128818
1578.003,1.138432
1579.957,1.128507
1581.733,1.140027
1581.733,1.140075
1583.686,1.141006
1583.686,1.141932
1585.462,1.140851
1585.462,1.130048
1587.238,1.139925
1587.238,1.129331
1589.014,1.128197
1590.789,1.127994
1590.789,1.137304
1592.743,1.127068
1592.743,1.138074
1594.519,1.126758
1594.519,1.127379
1596.294,1.125934
1596.294,1.135190
1598.070,1.125575
1600.024,1.135447
1600.024,1.135190
1601.800,1.125784
1601.800,1.125880
1603.575,1.136838
1603.575,1.135757
1605.351,1.125109
1605.351,1.125784
1607.127,1.126298
1607.127,1.135297
1609.080,1.125474
1610.856,1.136324
1610.856,1.136271
1612.810,1.137865
1612.810,1.137967
1614.408,1.139925
1616.184,1.140075
1616.184,1.130048
1618.137,1.129481
1619.913,1.128609
1619.913,1.128561
1621.866,1.128609
1621.866,1.128406
1623.465,1.129845
1623.465,1.139466
1625.418,1.131589
1625.418,1.133135
1627.194,1.134270
1627.194,1.146148
1628.970,1.136169
1630.923,1.147384
1630.923,1.148154
1632.521,1.140588
1632.521,1.141932
1634.475,1.150824
1634.475,1.151648
1636.251,1.140696
1636.251,1.151755
1638.204,1.139979
1639.980,1.140075
1639.980,1.138432
1641.578,1.149235
1641.578,1.151851
1643.532,1.153296
1643.532,1.145222
1645.307,1.156993
1645.307,1.145378
1647.261,1.155709
1647.261,1.144350
1649.037,1.143879
1650.812,1.143108
1650.812,1.141878
1652.588,1.151134
1652.588,1.140075
1654.364,1.150107
1654.364,1.151648
1656.318,1.140952
1656.318,1.141108
1658.093,1.150776
1659.869,1.140749
1659.869,1.141669
1661.645,1.151290
1661.645,1.142338
1663.598,1.142338
1663.598,1.152472
1665.374,1.141669
1665.374,1.149641
1667.150,1.138277
1667.150,1.139101
1668.926,1.138331
1670.702,1.146966
1670.702,1.136068
1672.655,1.143879
1672.655,1.143419
1674.431,1.133034
1674.431,1.141365
1676.207,1.141311
1676.207,1.132825
1677.983,1.133494
1679.758,1.144864
1679.758,1.133135
1681.712,1.143162
1681.712,1.133548
1683.488,1.133291
1683.488,1.133135
1685.441,1.131953
1685.441,1.131183
1687.039,1.140493
1688.815,1.131493
1688.815,1.132311
1690.769,1.132467
1690.769,1.131493
1692.544,1.131027
1692.544,1.130466
1694.498,1.139048
1694.498,1.128710
1696.096,1.129642
1696.096,1.127839
1698.050,1.127379
1699.825,1.127068
1699.825,1.125934
1701.601,1.136271
1701.601,1.136378
1703.555,1.126041
1703.555,1.126298
1705.153,1.136426
1705.153,1.127683
1707.106,1.138223
1708.882,1.138223
1708.882,1.129947
1710.836,1.129122
1710.836,1.129690
1712.611,1.129588
1712.611,1.139925
1714.210,1.139304
1714.210,1.129588
1716.163,1.140236
1716.163,1.130723
1717.939,1.132365
1719.892,1.141980
1719.892,1.141520
1721.668,1.140128
1721.668,1.129738
1723.444,1.129947
1723.444,1.141466
1725.220,1.141878
1725.220,1.143473
1726.996,1.144607
1728.949,1.144141
1728.949,1.144243
1730.725,1.144703
1730.725,1.143986
1732.501,1.143317
1732.501,1.143837
1734.277,1.143676
1734.277,1.144960
1736.230,1.136480
1736.230,1.146918
1738.006,1.148047
1739.782,1.140439
1739.782,1.140027
1741.557,1.150155
1741.557,1.149235
1743.333,1.139925
1743.333,1.138534
1745.287,1.139155
1745.287,1.148668
1747.062,1.149492
1749.016,1.147993
1749.016,1.138385
1750.614,1.139358
1750.614,1.137967
1752.390,1.137919
1752.390,1.149438
1754.343,1.140236
1754.343,1.139872
1756.119,1.140385
1758.073,1.151188
1758.073,1.141621
1759.671,1.150567
1759.671,1.149438
1761.624,1.138432
1761.624,1.138898
1763.400,1.147689
1763.400,1.148304
1765.176,1.149438
1765.176,1.139412
1767.129,1.149074
1768.728,1.139872
1768.728,1.139251
1770.681,1.149074
1770.681,1.149492
1772.457,1.139872
1772.457,1.140128
1774.233,1.149588
1774.233,1.139818
1776.186,1.140899
1777.784,1.141263
1777.784,1.150519
1779.738,1.140075
1779.738,1.150824
1781.514,1.140540
1781.514,1.140899
1783.467,1.151236
1783.467,1.142081
1785.243,1.142852
1785.243,1.143108
1786.841,1.153296
1788.795,1.154783
1788.795,1.155607
1790.570,1.155350
1790.570,1.154222
1792.524,1.145527
1792.524,1.154168
1794.300,1.154783
1794.300,1.143783
1796.075,1.143526
1797.851,1.145736
1797.851,1.145270
1799.627,1.145993
1799.627,1.146405
1801.580,1.147790
1801.580,1.146196
1803.356,1.146094
1803.356,1.157464
1805.132,1.156384
1805.132,1.156121
1806.908,1.157411
1808.861,1.159411
1808.861,1.149952
1810.637,1.160235
1810.637,1.151594
1812.413,1.151493
1812.413,1.161836
1814.189,1.152932
1814.189,1.153499
1815.965,1.163681
1817.918,1.163890
1817.918,1.165640
1819.694,1.166356
1819.694,1.167073
1821.647,1.156330
1821.647,1.156640
1823.246,1.156330
1823.246,1.157249
1825.021,1.168823
1826.975,1.169754
1826.975,1.160289
1828.751,1.161728
1828.751,1.162445
1830.704,1.172734
1830.704,1.162445
1832.302,1.172167
1832.302,1.172119
1834.256,1.171862
1834.256,1.172477
1836.032,1.159823
1837.807,1.168876
1837.807,1.168930
1839.761,1.168673
1839.761,1.158898
1841.359,1.159154
1841.359,1.160492
1843.313,1.169545
1843.313,1.170728
1845.088,1.162606
1847.042,1.172221
1847.042,1.173146
1848.818,1.164093
1848.818,1.173964
1850.416,1.163269
1850.416,1.174478
1852.369,1.164451
1852.369,1.175302
1854.145,1.166100
1856.099,1.175869
1857.874,1.164762
1857.874,1.176896
1859.650,1.168411
1859.650,1.178801
1861.426,1.180294
1861.426,1.170107
1863.202,1.180091
1863.202,1.179214
1865.155,1.179620
1866.931,1.180241
1866.931,1.170011
1868.707,1.180909
1868.707,1.170620
1870.483,1.180551
1870.483,1.179620
1872.259,1.179930
1872.259,1.172782
1874.212,1.184301
1874.212,1.186206
1875.988,1.186409
1877.764,1.187186
1877.764,1.176586
1879.539,1.175768
1879.539,1.185538
1881.493,1.184869
1881.493,1.186051
1883.269,1.186929
1883.269,1.185329
1885.045,1.184409
1886.820,1.174788
1886.820,1.172991
1888.596,1.172424
1888.596,1.183382
1890.550,1.171910
1890.550,1.182659
1892.325,1.172322
1892.325,1.180653
1894.279,1.180909
1894.279,1.181322
1895.877,1.181477
1897.653,1.172268
1897.653,1.183173
1899.606,1.173451
1899.606,1.174639
1901.382,1.176490
1903.336,1.187335
1903.336,1.186977
1904.934,1.177052
1906.887,1.186409
1906.887,1.187287
1908.663,1.188159
1908.663,1.178079
1910.439,1.177930
1910.439,1.180348
1912.392,1.191091
1912.392,1.190267
1913.991,1.179572
1915.944,1.189497
1915.944,1.179524
1917.720,1.176693
1917.720,1.185693
1919.673,1.185436
1919.673,1.175768
1921.449,1.185126
1921.449,1.184666
1923.047,1.175505
1923.047,1.186051
1925.001,1.177207
1926.777,1.186875
1926.777,1.187646
1928.730,1.188159
1928.730,1.187699
1930.506,1.177822
1930.506,1.177362
1932.282,1.186822
1932.282,1.177153
1934.057,1.187646
1935.833,1.176950
1935.833,1.186051
1937.787,1.184409
1937.787,1.174585
1939.563,1.173761
1939.563,1.173403
1941.338,1.173194
1941.338,1.184355
1943.114,1.175045
1943.114,1.185281
1945.068,1.174173
1946.843,1.175099
1946.843,1.184767
1948.619,1.185896
1948.619,1.176747
1950.395,1.186105
1950.395,1.176234
1952.171,1.183382
1952.171,1.171606
1954.124,1.172376
1955.900,1.170268
1955.900,1.179572
1957.854,1.179315
1957.854,1.168721
1959.452,1.177464
1959.452,1.166153
1961.228,1.175768
1961.228,1.176281
1963.181,1.164965
1963.181,1.174120
1964.957,1.173815
1966.910,1.162958
1966.910,1.173815
1968.509,1.173606
1968.509,1.173815
1970.284,1.164039
1970.284,1.164451
1972.238,1.175206
1972.238,1.173863
1974.014,1.172376
1975.967,1.171241
1975.967,1.162397
1977.565,1.172065
1977.565,1.171396
1979.519,1.160134
1979.519,1.169904
1981.295,1.161107
1981.295,1.161836
1983.070,1.161782
1985.024,1.172680
1985.024,1.173815
1986.622,1.163890
1986.622,1.163012
1988.575,1.173248
1988.575,1.163120
1990.351,1.162140
1990.351,1.160958
1992.305,1.161931
1992.305,1.170984
1994.081,1.161268
1995.679,1.161728
1995.679,1.170572
1997.632,1.170011
1997.632,1.169288
1999.408,1.169850
1999.408,1.160701
2001.361,1.160492
2001.361,1.170268
2003.137,1.170781
2004.913,1.162445
2004.913,1.170931
2006.689,1.161782
2006.689,1.161836
2008.465,1.170835
2008.465,1.170572
2010.418,1.169754
2010.418,1.161573
2012.194,1.171295
2012.194,1.172782
2013.970,1.163376
2015.746,1.162702
2015.746,1.174687
2017.699,1.165222
2017.699,1.165687
2019.475,1.166249
2019.475,1.175720
2021.251,1.166249
2021.251,1.175463
2023.027,1.176329
2024.802,1.166721
2024.802,1.167491
2026.756,1.166667
2026.756,1.165944
2028.532,1.165478
2028.532,1.165532
2030.485,1.176072
2030.485,1.176490
2032.083,1.165735
2032.083,1.177977
2033.859,1.166613
2035.813,1.167025
2035.813,1.166924
2037.588,1.166816
2037.588,1.174842
2039.542,1.175356
2039.542,1.166046
2041.140,1.165072
2041.140,1.173917
2043.093,1.173815
2044.869,1.173761
2044.869,1.161782
2046.645,1.162093
2046.645,1.171241
2048.599,1.162140
2048.599,1.161836
2050.197,1.160391
2050.197,1.159208
2052.150,1.168464
2053.926,1.158587
2053.926,1.168208
2055.879,1.158748
2055.879,1.170268
2057.655,1.159519
2057.655,1.171552
2059.254,1.172991
2059.254,1.172633
2061.207,1.162958
2061.207,1.173558
2062.983,1.172991
2064.936,1.173606
2064.936,1.173917
2066.712,1.164965
2066.712,1.162755
2068.310,1.172633
2068.310,1.174430
2070.264,1.166249
2070.264,1.174018
2072.040,1.164816
2073.993,1.175302
2073.993,1.165532
2075.769,1.166410
2075.769,1.177362
2077.545,1.177410
2077.545,1.176896
2079.320,1.177619
2079.320,1.167539
2081.096,1.176437
2081.096,1.176180
2083.050,1.176693
2084.826,1.177153
2084.826,1.166768
2086.601,1.166721
2086.601,1.176072
2088.377,1.165586
2088.377,1.166046
2090.331,1.166153
2090.331,1.174018
2092.106,1.166249
2093.882,1.166303
2093.882,1.167383
2095.658,1.167748
2095.658,1.168208
2097.434,1.167897
2097.434,1.169187
2099.387,1.168876
2101.163,1.168106
2101.163,1.178133
2103.117,1.178079
2104.715,1.167951
2104.715,1.175410
2106.491,1.165072
2106.491,1.175463
2108.444,1.162702
2108.444,1.161471
2110.220,1.171606
2110.220,1.174018
2112.173,1.163221
2113.772,1.173505
2115.725,1.163836
2115.725,1.173558
2117.501,1.163012
2117.501,1.161471
2119.277,1.170877
2119.277,1.159566
2121.230,1.170572
2121.230,1.161161
2122.828,1.160701
2124.782,1.159154
2124.782,1.168464
2126.558,1.157817
2126.558,1.159005
2128.511,1.167897
2128.511,1.167796
2130.287,1.158074
2130.287,1.157817
2131.885,1.166613
2133.838,1.158384
2133.838,1.158951
2135.614,1.169647
2135.614,1.170620
2137.568,1.169850
2137.568,1.159363
2139.344,1.159262
2139.344,1.168673
2141.119,1.158898
2142.895,1.158283
2142.895,1.157506
2144.671,1.156993
2144.671,1.158384
2146.624,1.167897
2146.624,1.165383
2148.400,1.155661
2148.400,1.163890
2150.176,1.163836
2150.176,1.163269
2151.952,1.163526
2153.905,1.163376
2153.905,1.153553
2155.681,1.153607
2155.681,1.153863
2157.457,1.161364
2157.457,1.162093
2159.233,1.153756
2159.233,1.152621
2161.009,1.152418
2162.962,1.153654
2162.962,1.164039
2164.738,1.151702
2164.738,1.160289
2166.691,1.159310
2166.691,1.158492
2168.290,1.159877
2168.290,1.148979
2170.065,1.158796
2170.065,1.147993
2172.019,1.160032
2173.795,1.159823
2173.795,1.159411
2175.748,1.158748
2175.748,1.158796
2177.346,1.159775
2177.346,1.158748
2179.122,1.149641
2179.122,1.159722
2181.076,1.148979
2182.851,1.148357
2182.851,1.156790
2184.805,1.148614
2184.805,1.158641
2186.403,1.149492
2186.403,1.159674
2188.356,1.150209
2188.356,1.150776
2190.132,1.160546
2190.132,1.149074
2191.908,1.148614
2193.862,1.157464
2193.862,1.158181
2195.460,1.159154
2195.460,1.149952
2197.413,1.150824
2197.413,1.151905
2199.189,1.152161
2199.189,1.161161
2201.142,1.161012
2202.918,1.152012
2202.918,1.151546
2204.517,1.152729
2204.517,1.163012
2206.470,1.153039
2206.470,1.151648
2208.246,1.148770
2208.246,1.157411
2210.199,1.146040
2211.975,1.147175
2211.975,1.158181
2213.751,1.146249
2213.751,1.155559
2215.527,1.145324
2215.527,1.146148
2217.303,1.155709
2217.303,1.144912
2219.256,1.146405
2219.256,1.158283
2221.032,1.150310
2222.808,1.149385
2222.808,1.150053
2224.583,1.151546
2224.583,1.152317
2226.537,1.153499
2226.537,1.162958
2228.313,1.153398
2228.313,1.154479
2230.089,1.155404
2231.864,1.155816
2231.864,1.165431
2233.640,1.164404
2233.640,1.166356
2235.594,1.155094
2235.594,1.156384
2237.369,1.157464
2237.369,1.168411
2239.323,1.169850
2239.323,1.159411
2240.921,1.169802
2242.697,1.159208
2242.697,1.160080
2244.650,1.171241
2244.650,1.172477
2246.426,1.173146
2246.426,1.174532
2248.380,1.174120
2248.380,1.176234
2249.978,1.164762
2251.931,1.165120
2251.931,1.165687
2253.707,1.164451
2253.707,1.172937
2255.483,1.163579
2255.483,1.161985
2257.436,1.162349
2257.436,1.173092
2259.035,1.173815
2259.035,1.174018
2260.988,1.164248
2262.764,1.164248
2262.764,1.163681
2264.717,1.173917
2264.717,1.172322
2266.493,1.172836
2266.493,1.163424
2268.091,1.173248
2268.091,1.174329
2270.045,1.173863
2271.821,1.164559
2271.821,1.174896
2273.774,1.174478
2273.774,1.173558
2275.550,1.174382
2275.550,1.163012
2277.148,1.161161
2277.148,1.159411
2279.101,1.159107
2279.101,1.159620
2280.877,1.169545
2282.831,1.158898
2282.831,1.167330
2284.607,1.159005
2284.607,1.169444
2286.382,1.161161
2286.382,1.161059
2288.158,1.159566
2288.158,1.170781
2289.934,1.171396
2291.887,1.161215
2291.887,1.159411
2293.663,1.159005
2293.663,1.170674
2295.439,1.171140
2295.439,1.171038
2297.215,1.170525
2297.215,1.161471
2299.168,1.170620
2300.944,1.160492
2300.944,1.159931
2302.720,1.170835
2302.720,1.159823
2304.496,1.159465
2304.496,1.170525
2306.272,1.171653
2306.272,1.161364
2308.225,1.161621
2308.225,1.171444
2310.001,1.161728
2311.954,1.173761
2311.954,1.174788
2313.553,1.164350
2313.553,1.174687
2315.328,1.173917
2315.328,1.164607
2317.282,1.174329
2317.282,1.175045
2319.058,1.164559
2321.011,1.177153
2321.011,1.176180
2322.609,1.165383
2322.609,1.176126
2324.563,1.179106
2324.563,1.180241
2326.339,1.180444
2326.339,1.179315
2328.114,1.180294
2328.114,1.170728
2330.068,1.179727
2331.666,1.169593
2331.666,1.178801
2333.619,1.169133
2333.619,1.177207
2335.395,1.178443
2335.395,1.178491
2337.349,1.167491
2337.349,1.178079
2339.125,1.176896
2340.723,1.176849
2340.723,1.178234
2342.676,1.177410
2342.676,1.177822
2344.452,1.178491
2344.452,1.168363
2346.405,1.170984
2346.405,1.180605
2348.181,1.171241
2348.181,1.180551
2349.957,1.169593
2351.733,1.180909
2351.733,1.173403
2353.509,1.181477
2353.509,1.171755
2355.462,1.182301
2355.462,1.172889
2357.238,1.182092
2357.238,1.172734
2359.014,1.182092
2360.790,1.181525
2360.790,1.170728
2362.743,1.171038
2362.743,1.182605
2364.519,1.172836
2364.519,1.183221
2366.295,1.181937
2366.295,1.172167
2368.071,1.182301
2369.846,1.181166
2369.846,1.181268
2371.800,1.172889
2371.800,1.172836
2373.576,1.172119
2373.576,1.171038
2375.351,1.170835
2375.351,1.181680
2377.127,1.173039
2377.127,1.183585
2378.903,1.183430
2380.857,1.173708
2380.857,1.183686
2382.632,1.183430
2382.632,1.182092
2384.586,1.182146
2384.586,1.172268
2386.184,1.183430
2386.184,1.184355
2387.960,1.183991
2389.913,1.182761
2389.913,1.173761
2391.689,1.184248
2391.689,1.184612
2393.643,1.176281
2393.643,1.185950
2395.241,1.177565
2395.241,1.176437
2397.194,1.187753
2397.194,1.177309
2398.970,1.175768
2400.746,1.184152
2400.746,1.183274
2402.699,1.171755
2402.699,1.170984
2404.298,1.172680
2404.298,1.173863
2406.251,1.175248
2406.251,1.184815
2408.027,1.185382
2409.980,1.185693
2409.980,1.184976
2411.756,1.176586
2411.756,1.186565
2413.354,1.178700
2413.354,1.187956
2415.308,1.187287
2415.308,1.177261
2417.083,1.186618
2417.083,1.184558
2419.037,1.185436
2420.813,1.174991
2420.813,1.185382
2422.589,1.174991
2422.589,1.184355
2424.364,1.184152
2424.364,1.175099
2426.140,1.176693
2426.140,1.187132
2428.094,1.175869
2429.869,1.183991
2429.869,1.173761
2431.645,1.174687
2431.645,1.173248
2433.421,1.183531
2433.421,1.184045
2435.375,1.174329
2435.375,1.184409
2437.150,1.185233
2438.926,1.185639
2438.926,1.174585
2440.702,1.186003
2440.702,1.186362
2442.478,1.174478
2442.478,1.184248
2444.431,1.172680
2444.431,1.181477
2446.207,1.181268
2446.207,1.171349
2448.161,1.172579
2449.759,1.172680
2449.759,1.181734
2451.535,1.172734
2451.535,1.181990
2453.488,1.180444
2453.488,1.179214
2455.264,1.179106
2455.264,1.178592
2457.217,1.169957
2458.816,1.170781
2458.816,1.171241
2460.769,1.170781
2460.769,1.170728
2462.545,1.170984
2462.545,1.182558
2464.321,1.183686
2464.321,1.173039
2466.274,1.173606
2466.274,1.183173
2467.872,1.184248
2469.826,1.181889
2469.826,1.181680
2471.602,1.180957
2471.602,1.182092
2473.377,1.171140
2473.377,1.180038
2475.331,1.179058
2475.331,1.169187
2476.929,1.179572
2478.882,1.168673
2478.882,1.169802
2480.658,1.177930
2480.658,1.177052
2482.612,1.166100
2482.612,1.177309
2484.387,1.178389
2484.387,1.178801
2485.986,1.178592
2485.986,1.178186
2487.939,1.168052
2489.715,1.178545
2489.715,1.169133
2491.668,1.169187
2491.668,1.167897
2493.444,1.167796
2493.444,1.177619
2495.220,1.168673
2495.220,1.169545
2496.996,1.178592
2498.772,1.168309
2498.772,1.168775
2500.725,1.168620
2500.725,1.179058
2502.501,1.170835
2502.501,1.179835
2504.277,1.179363
2504.277,1.168154
2506.053,1.178133
2506.053,1.166816
2508.006,1.166153
2509.782,1.165383
2509.782,1.164917
2511.558,1.163836
2511.558,1.173815
2513.334,1.174735
2513.334,1.173761
2515.109,1.163735
2515.109,1.173917
2517.063,1.163633
2518.839,1.161316
2518.839,1.160701
2520.792,1.171606
2520.792,1.171498
2522.390,1.171349
2522.390,1.161878
2524.166,1.161782
2524.166,1.161418
2526.120,1.161621
2527.895,1.173917
2527.895,1.161985
2529.849,1.162606
2529.849,1.172012
2531.447,1.163681
2531.447,1.163012
2533.400,1.173248
2533.400,1.173451
2535.176,1.172937
2535.176,1.173248
2536.952,1.172065
2538.905,1.160755
2538.905,1.160444
2540.504,1.169802
2540.504,1.170781
2542.457,1.171295
2542.457,1.162445
2544.233,1.172322
2544.233,1.161931
2546.186,1.171295
2547.962,1.160032
2547.962,1.170931
2549.560,1.170572
2549.560,1.161215
2551.514,1.162039
2551.514,1.170877
2553.290,1.160235
2553.290,1.168309
2555.243,1.158951
2555.243,1.168106
2557.019,1.157100
2558.795,1.166977
2558.795,1.167951
2560.571,1.159363
2560.571,1.160701
2562.346,1.160647
2562.346,1.159823
2564.300,1.157721
2564.300,1.157870
2566.076,1.167640
2567.852,1.156640
2567.852,1.165329
2569.627,1.154377
2569.627,1.163938
2571.403,1.151803
2571.403,1.161107
2573.357,1.152932
2573.357,1.153810
2575.132,1.154580
2575.132,1.164505
2576.908,1.153296
2578.684,1.153911
2578.684,1.164708
2580.638,1.166356
2580.638,1.166721
2582.413,1.157667
2582.413,1.158796
2584.189,1.157978
2584.189,1.169390
2585.965,1.159823
2587.741,1.161059
2587.741,1.161471
2589.694,1.161316
2589.694,1.171701
2591.470,1.161525
2591.470,1.162188
2593.424,1.162093
2593.424,1.171187
2595.022,1.170728
2596.798,1.160850
2596.798,1.159877
2598.751,1.158951
2598.751,1.159519
2600.527,1.170214
2600.527,1.170268
2602.480,1.169701
2602.480,1.169802
2604.078,1.169390
2604.078,1.169802
2606.032,1.161418
2607.808,1.171653
2607.808,1.171092
2609.584,1.160958
2609.584,1.161471
2611.537,1.170525
2611.537,1.161836
2613.135,1.172633
2613.135,1.172782
2615.089,1.172991
2616.864,1.162552
2616.864,1.171396
2618.818,1.161621
2618.818,1.172889
2620.594,1.172167
2620.594,1.162654
2622.192,1.161573
2622.192,1.164147
2624.145,1.165120
2624.145,1.177362
2625.921,1.178389
2627.875,1.170107
2627.875,1.178754
2629.650,1.179524
2629.650,1.168106
2631.426,1.168823
2631.426,1.168005
2633.202,1.178234
2633.202,1.167748
2634.978,1.166559
2636.931,1.167282
2636.931,1.177673
2638.707,1.178288
2638.707,1.178801
2640.483,1.180653
2640.483,1.171653
2642.259,1.172322
2642.259,1.182659
2644.212,1.171701
2644.212,1.173349
2645.988,1.182761
2647.764,1.183531
2647.764,1.181937
2649.540,1.171241
2649.540,1.181220
2651.316,1.180091
2651.316,1.178700
2653.269,1.178443
2653.269,1.168823
2655.045,1.177153
2656.998,1.167025
2656.998,1.166721
2658.597,1.167694
2658.597,1.167383
2660.372,1.168106
2660.372,1.165897
2662.326,1.166559
2662.326,1.175613
2664.102,1.174944
2666.055,1.163323
2666.055,1.163478
2667.653,1.162397
2667.653,1.163783
2669.429,1.173708
2669.429,1.163167
2671.382,1.172477
2671.382,1.161836
2673.158,1.161728
2673.158,1.162188
2675.112,1.172376
2676.710,1.160032
2676.710,1.159053
2678.663,1.168721
2678.663,1.168876
2680.439,1.167383
2680.439,1.156121
2682.215,1.165586
2682.215,1.164404
2684.168,1.164505
2685.767,1.155607
2685.767,1.156790
2687.720,1.156790
2687.720,1.169593
2689.496,1.171038
2689.496,1.172836
2691.449,1.162242
2691.449,1.171606
2693.225,1.170781
2693.225,1.160958
2694.823,1.159931
2696.777,1.158539
2696.777,1.158641
2698.553,1.159722
2698.553,1.169288
2700.506,1.169904
2700.506,1.169701
2702.282,1.160188
2702.282,1.169754
2704.058,1.158850
2705.834,1.159931
2705.834,1.160235
2707.609,1.169701
2707.609,1.157978
2709.563,1.157208
2709.563,1.166559
2711.339,1.155607
2711.339,1.164451
2713.115,1.153445
2713.115,1.154479
2714.890,1.154891
2716.844,1.162958
2716.844,1.151391
2718.620,1.151905
2718.620,1.161836
2720.395,1.162863
2720.395,1.153398
2722.171,1.163424
2722.171,1.164039
2723.947,1.152161
2725.901,1.152729
2725.901,1.151803
2727.676,1.152269
2727.676,1.153039
2729.630,1.152574
2729.630,1.163992
2731.228,1.152675
2731.228,1.161161
2733.004,1.160647
2733.004,1.159620
2734.957,1.158492
2736.733,1.147844
2736.733,1.148465
2738.686,1.147844
2738.686,1.147898
2740.285,1.156736
2740.285,1.156843
2742.238,1.146918
2742.238,1.156897
2744.014,1.157506
2745.790,1.158796
2745.790,1.160755
2747.743,1.150155
2747.743,1.159310
2749.341,1.151188
2749.341,1.151905
2751.295,1.151702
2751.295,1.152215
2753.071,1.152932
2755.024,1.163269
2755.024,1.163938
2756.800,1.155040
2756.800,1.164660
2758.398,1.156276
2758.398,1.164863
2760.352,1.154938
2760.352,1.153863
2762.127,1.153141
2762.127,1.163066
2764.081,1.165586
2765.857,1.155559
2765.857,1.164505
2767.455,1.152472
2767.455,1.162499
2769.408,1.162654
2769.408,1.153141
2771.184,1.162296
2771.184,1.161215
2773.138,1.152317
2774.913,1.162499
2774.913,1.163167
2776.689,1.153810
2776.689,1.154270
2778.465,1.164505
2778.465,1.152012
2780.241,1.162499
2780.241,1.162552
2782.194,1.162140
2782.194,1.152161
2783.970,1.162296
2785.746,1.152621
2785.746,1.152675
2787.522,1.152215
2787.522,1.160755
2789.475,1.159979
2789.475,1.160080
2791.251,1.152215
2791.251,1.161674
2793.027,1.151546
2794.803,1.161161
2794.803,1.160803
2796.579,1.162296
2796.579,1.152675
2798.532,1.162349
2798.532,1.152418
2800.308,1.152574
2800.308,1.163992
2802.261,1.165735
2802.261,1.155350
2803.859,1.156019
2805.635,1.165944
2807.589,1.155762
2807.589,1.156431
2809.365,1.166464
2809.365,1.166153
2811.318,1.155762
2811.318,1.155661
2812.916,1.165944
2814.870,1.157046
2814.870,1.167897
2816.645,1.156431
2816.645,1.165174
2818.421,1.166046
2818.421,1.156640
2820.375,1.156843
2820.375,1.166768
2821.973,1.167383
2823.926,1.166816
2823.926,1.156276
2825.702,1.155816
2825.702,1.166153
2827.656,1.168261
2827.656,1.167539
2829.431,1.158695
2829.431,1.158127
2831.030,1.158898
2831.030,1.169133
2832.983,1.158539
2834.759,1.156993
2834.759,1.167025
2836.712,1.157100
2836.712,1.166153
2838.488,1.166356
2838.488,1.167587
2840.264,1.158384
2840.264,1.169032
2842.040,1.159620
2843.816,1.160188
2843.816,1.170363
2845.769,1.170107
2845.769,1.168309
2847.545,1.158587
2847.545,1.158850
2849.321,1.159411
2849.321,1.168930
2851.097,1.168464
2851.097,1.157870
2853.050,1.166153
2854.826,1.166613
2854.826,1.156640
2856.602,1.166721
2856.602,1.167234
2858.377,1.167127
2858.377,1.156276
2860.153,1.165944
2860.153,1.167025
2862.107,1.165843
2863.883,1.156945
2863.883,1.156479
2865.836,1.165992
2865.836,1.157303
2867.434,1.156945
2867.434,1.166356
2869.210,1.166506
2869.210,1.166768
2871.163,1.157046
2871.163,1.157100
2872.939,1.156479
2874.893,1.166613
2874.893,1.167383
2876.491,1.158026
2876.491,1.156533
2878.267,1.165586
2878.267,1.165329
2880.220,1.155506
2880.220,1.155452
2881.996,1.162188
2883.949,1.161573
2883.949,1.150519
2885.548,1.158330
2885.548,1.149026
2887.501,1.148101
2887.501,1.147945
2889.277,1.157046
2889.277,1.157100
2891.053,1.148614
2893.006,1.147736
2893.006,1.147480
2894.604,1.147945
2894.604,1.148101
2896.558,1.158796
2896.558,1.149641
2898.334,1.159465
2898.334,1.146709
2900.287,1.146506
2900.287,1.155195
2902.063,1.155559
2903.661,1.156993
2903.661,1.157924
2905.615,1.146763
2905.615,1.146040
2907.390,1.156993
2907.390,1.157208
2909.344,1.147736
2909.344,1.147330
2911.120,1.158898
2912.895,1.148817
2912.895,1.148561
2914.671,1.159005
2914.671,1.158587
2916.447,1.158235
2916.447,1.151033
2918.401,1.161836
2918.401,1.152836
2920.176,1.163783
2920.176,1.165174
2921.952,1.164404
2923.728,1.153499
2923.728,1.152012
2925.681,1.152012
2925.681,1.152418
2927.457,1.152215
2927.457,1.161215
2929.233,1.163221
2929.233,1.154323
2931.009,1.164505
2932.785,1.154783
2932.785,1.155040
2934.738,1.164147
2934.738,1.165275
2936.514,1.163836
2936.514,1.153553
2938.467,1.164404
2938.467,1.154735
2940.066,1.154891
2940.066,1.165843
2941.842,1.165120
2943.795,1.154479
2943.795,1.163478
2945.571,1.162397
2945.571,1.163323
2947.524,1.152836
2947.524,1.161418
2949.122,1.163323
2949.122,1.153242
2951.076,1.152675
2952.852,1.152621
2952.852,1.164607
2954.628,1.164607
2954.628,1.154066
2956.581,1.154120
2956.581,1.164195
2958.179,1.163269
2958.179,1.153756
2960.133,1.160546
2960.133,1.150722
2961.908,1.150722
2963.862,1.159674
2963.862,1.160289
2965.638,1.150979
2965.638,1.148465
2967.236,1.157560
2967.236,1.157667
2969.189,1.147480
2969.189,1.156736
2970.965,1.148047
2972.919,1.159262
2972.919,1.147898
2974.694,1.145425
2974.694,1.156431
2976.293,1.153959
2976.293,1.142338
2978.246,1.151493
2978.246,1.151337
2980.022,1.150776
2981.975,1.141108
2981.975,1.150364
2983.751,1.138534
2983.751,1.147993
2985.527,1.139412
2985.527,1.139101
2987.303,1.150053
2987.303,1.149540
2989.079,1.148722
2989.079,1.148101
2991.032,1.149438
2992.808,1.151702
2992.808,1.141932
2994.584,1.150979
2994.584,1.150155
2996.360,1.140075
2996.360,1.140642
2998.313,1.139818
2998.313,1.148817
3000.089,1.147384
3001.865,1.137352
3001.865,1.137405
3003.640,1.147277
3003.640,1.147480
3005.416,1.137453
3005.416,1.138122
3007.370,1.136784
3007.370,1.136223
3009.146,1.145067
3009.146,1.147175
3011.099,1.147533
3012.697,1.138122
3012.697,1.138480
3014.473,1.139304
3014.473,1.149331
3016.426,1.139722
3016.426,1.137764
3018.202,1.146817
3018.202,1.137352
3020.156,1.137764
3021.754,1.146865
3021.754,1.146452
3023.707,1.137352
3023.707,1.135811
3025.483,1.134527
3025.483,1.134473
3027.259,1.144810
3027.259,1.145013
3029.212,1.134473
3029.212,1.144757
3030.811,1.145527
3032.764,1.136736
3032.764,1.147330
3034.540,1.138020
3034.540,1.148871
3036.493,1.138737
3036.493,1.148357
3038.269,1.139155
3038.269,1.150722
3039.867,1.139872
3041.821,1.139466
3041.821,1.138689
3043.597,1.139925
3043.597,1.150776
3045.550,1.139722
3045.550,1.137865
3047.326,1.137304
3047.326,1.137196
3049.102,1.138277
3050.878,1.137662
3050.878,1.138689
3052.653,1.148507
3052.653,1.148979
3054.607,1.150209
3054.607,1.149588
3056.383,1.148925
3056.383,1.137764
3058.158,1.138074
3058.158,1.149235
3059.934,1.149026
3061.888,1.139203
3061.888,1.138791
3063.664,1.138176
3063.664,1.150722
3065.439,1.139872
3065.439,1.150155
3067.215,1.150776
3067.215,1.139466
3068.991,1.139101
3070.944,1.151958
3070.944,1.150567
3072.720,1.140899
3072.720,1.151594
3074.496,1.152012
3074.496,1.152621
3076.272,1.152621
3076.272,1.151188
3078.048,1.141108
3078.048,1.140027
3080.001,1.150979
3081.777,1.140797
3081.777,1.141466
3083.730,1.151445
3083.730,1.140642
3085.329,1.152215
3085.329,1.140797
3087.105,1.150776
3087.105,1.149797
3089.058,1.151337
3090.834,1.149952
3090.834,1.141466
3092.787,1.152526
3092.787,1.152878
3094.385,1.153039
3094.385,1.143473
3096.339,1.143526
3096.339,1.143932
3098.115,1.143013
3098.115,1.153189
3099.890,1.143162
3101.844,1.152986
3101.844,1.143108
3103.442,1.142445
3103.442,1.143162
3105.396,1.154066
3105.396,1.154168
3107.171,1.142033
3107.171,1.151493
3109.125,1.148722
3110.901,1.149128
3110.901,1.137662
3112.499,1.146405
3112.499,1.136581
3114.452,1.137095
3114.452,1.135608
3116.228,1.146351
3116.228,1.136324
3118.182,1.144912
3119.957,1.145939
3119.957,1.136635
3121.733,1.137196
3121.733,1.138791
3123.509,1.138331
3123.509,1.139155
3125.285,1.140642
3125.285,1.150722
3127.238,1.150675
3127.238,1.139561
3129.014,1.147384
3130.790,1.137561
3130.790,1.136426
3132.566,1.136223
3132.566,1.145324
3134.519,1.144655
3134.519,1.143216
3136.295,1.132264
3136.295,1.132108
3138.071,1.133595
3139.847,1.132311
3139.847,1.142290
3141.623,1.131696
3141.623,1.140749
3143.576,1.129224
3143.576,1.137453
3145.352,1.126811
3145.352,1.137196
3147.305,1.128710
3147.305,1.130926
3148.903,1.142290
3150.679,1.132723
3150.679,1.141520
3152.633,1.130156
3154.408,1.130669
3154.408,1.132413
3156.362,1.141209
3156.362,1.132825
3157.960,1.143986
3159.914,1.135703
3159.914,1.145222
3161.689,1.146709
3161.689,1.147533
3163.465,1.148614
3163.465,1.149749
3165.419,1.150006
3165.419,1.140493
3167.017,1.141311
3167.017,1.140540
3168.970,1.150722
3170.746,1.151081
3170.746,1.150107
3172.522,1.150262
3172.522,1.147020
3174.475,1.137148
3174.475,1.137967
3176.074,1.138898
3176.074,1.148202
3178.027,1.148047
3179.803,1.148465
3179.803,1.138277
3181.756,1.139048
3181.756,1.150364
3183.532,1.139770
3185.130,1.138946
3185.130,1.149749
3187.084,1.149641
3187.084,1.140696
3188.860,1.142236
3190.813,1.152526
3190.813,1.141006
3192.589,1.150364
3192.589,1.141054
3194.365,1.151648
3194.365,1.140439
3196.141,1.152269
3196.141,1.141723
3197.916,1.141932
3199.870,1.150262
3199.870,1.141777
3201.646,1.152675
3201.646,1.151134
3203.421,1.140128
3203.421,1.139979
3205.197,1.149438
3205.197,1.149588
3207.151,1.140075
3208.927,1.139770
3208.927,1.140128
3210.702,1.139872
3210.702,1.140439
3212.478,1.150310
3212.478,1.151188
3214.254,1.142595
3214.254,1.143783
3216.207,1.142959
3216.207,1.145067
3217.983,1.145939
3219.937,1.157208
3219.937,1.157303
3221.535,1.157411
3221.535,1.148304
3223.311,1.157411
3223.311,1.146817
3225.264,1.156384
3225.264,1.156587
3227.040,1.146094
3228.993,1.155249
3228.993,1.142804
3230.592,1.143473
3230.592,1.142852
3232.545,1.154783
3232.545,1.145222
3234.321,1.146405
3234.321,1.154891
3236.097,1.154992
3236.097,1.155404
3238.050,1.145784
3239.648,1.144757
3239.648,1.154837
3241.602,1.153296
3241.602,1.153654
3243.378,1.142804
3243.378,1.153296
3245.331,1.153242
3245.331,1.152472
3247.107,1.144655
3248.705,1.144810
3248.705,1.145479
3250.659,1.145121
3250.659,1.145378
3252.434,1.145013
3252.434,1.153863
3254.388,1.142595
3254.388,1.142033
3256.164,1.152526
3256.164,1.142033
3257.939,1.150675
3259.715,1.140588
3259.715,1.140642
3261.491,1.139722
3261.491,1.139669
3263.445,1.149898
3263.445,1.139101
3265.220,1.149438
3265.220,1.141006
3266.996,1.150824
3268.772,1.150262
3268.772,1.139770
3270.548,1.148668
3270.548,1.148722
3272.501,1.137967
3272.501,1.148770
3274.277,1.148357
3274.277,1.149952
3276.053,1.149749
3277.829,1.139155
3277.829,1.149128
3279.782,1.139979
3279.782,1.138534
3281.558,1.136993
3281.558,1.138480
3283.334,1.137041
3283.334,1.138385
3285.110,1.148722
3285.110,1.138737
3286.885,1.147790
3288.839,1.146817
3288.839,1.136939
3290.615,1.135500
3290.615,1.143932
3292.568,1.143419
3292.568,1.145013
3294.166,1.146560
3294.166,1.137304
3295.942,1.146763
3297.896,1.137919
3297.896,1.147689
3299.671,1.148507
3299.671,1.148770
3301.625,1.137304
3301.625,1.136581
3303.223,1.135297
3303.223,1.136068
3305.177,1.135094
3305.177,1.147074
3306.952,1.137817
3308.728,1.146608
3308.728,1.146918
3310.682,1.145993
3310.682,1.146351
3312.280,1.137453
3312.280,1.147945
3314.233,1.147121
3314.233,1.147074
3316.009,1.147587
3317.963,1.137865
3317.963,1.137507
3319.738,1.148507
3319.738,1.137453
3321.337,1.147223
3321.337,1.149588
3323.290,1.149588
3323.290,1.138689
3325.066,1.139507
3325.066,1.148250
3327.019,1.148411
3328.795,1.139466
3328.795,1.139979
3330.571,1.139770
3330.571,1.139925
3332.347,1.149283
3332.347,1.139722
3334.123,1.150310
3334.123,1.150465
3336.076,1.139412
3337.852,1.148817
3337.852,1.137405
3339.628,1.137561
3339.628,1.147020
3341.404,1.138480
3341.404,1.148304
3343.357,1.148465
3343.357,1.147945
3345.133,1.148357
3346.909,1.139155
3346.909,1.137453
3348.684,1.147384
3348.684,1.149074
3350.460,1.139669
3350.460,1.139722
3352.414,1.149438
3352.414,1.139561
3354.189,1.140493
3354.189,1.151081
3356.143,1.151188
3357.741,1.140952
3357.741,1.151755
3359.517,1.140439
3359.517,1.150053
3361.470,1.139669
3361.470,1.139722
3363.246,1.151337
3363.246,1.141980
3365.200,1.142236
3366.798,1.142648
3366.798,1.152621
3368.574,1.154168
3368.574,1.152836
3370.527,1.153296
3370.527,1.144350
3372.303,1.142804
3372.303,1.141520
3374.256,1.141466
3374.256,1.150675
3375.855,1.139872
3377.808,1.148614
3377.808,1.139507
3379.584,1.148047
3379.584,1.136939
3381.360,1.137041
3381.360,1.146918
3383.313,1.146918
3383.313,1.135912
3384.911,1.145581
3386.865,1.146249
3386.865,1.136223
3388.641,1.136683
3388.641,1.146148
3390.594,1.147175
3390.594,1.146608
3392.370,1.147121
3392.370,1.136480
3393.968,1.147641
3393.968,1.146608
3395.922,1.135447
3397.697,1.134676
3397.697,1.144350
3399.651,1.143729
3399.651,1.143879
3401.427,1.143270
3401.427,1.141824
3403.202,1.130102
3403.202,1.140331
3404.978,1.139101
3406.754,1.129845
3406.754,1.139155
3408.707,1.138946
3408.707,1.138480
3410.483,1.127122
3410.483,1.126298
3412.259,1.135447
3412.259,1.135040
3414.035,1.123981
3414.035,1.123210
3415.988,1.133649
3417.764,1.123933
3417.764,1.134575
3419.540,1.121873
3419.540,1.132670
3421.316,1.124190
3421.316,1.133291
3423.092,1.123981
3423.092,1.132365
3425.045,1.130466
3426.821,1.131643
3426.821,1.123264
3428.774,1.132825
3428.774,1.132777
3430.373,1.123778
3430.373,1.134013
3432.148,1.123210
3432.148,1.133446
3434.102,1.123467
3435.878,1.124650
3435.878,1.124494
3437.831,1.124650
3437.831,1.135094
3439.429,1.134270
3439.429,1.134473
3441.383,1.135297
3441.383,1.124291
3443.159,1.122798
3443.159,1.122237
3444.934,1.131750
3446.888,1.121670
3446.888,1.131798
3448.486,1.130305
3448.486,1.129994
3450.440,1.130508
3450.440,1.130615
3452.215,1.131899
3452.215,1.121926
3454.169,1.132210
3455.945,1.131493
3455.945,1.121980
3457.543,1.133082
3457.543,1.134318
3459.496,1.135608
3459.496,1.124548
3461.272,1.123622
3461.272,1.122643
3463.226,1.133649
3463.226,1.122643
3465.001,1.132777
3466.600,1.122751
3466.600,1.124596
3468.553,1.136784
3468.553,1.124136
3470.329,1.123622
3470.329,1.133494
3472.282,1.132723
3472.282,1.122643
3474.058,1.121616
3475.834,1.131541
3475.834,1.122028
3477.610,1.131075
3477.610,1.119609
3479.386,1.119042
3479.386,1.118684
3481.339,1.119406
3481.339,1.129021
3483.115,1.129021
3483.115,1.117758
3484.891,1.119406
3486.666,1.129642
3486.666,1.129845
3488.620,1.129947
3488.620,1.119711
3490.396,1.129791
3490.396,1.118326
3492.172,1.119353
3492.172,1.129899
3493.947,1.118785
3495.723,1.118481
3495.723,1.129122
3497.677,1.127068
3497.677,1.115035
3499.452,1.114109
3499.452,1.123933
3501.406,1.123981
3501.406,1.124447
3503.004,1.126352
3504.780,1.117609
3504.780,1.127892
3506.733,1.127379
3506.733,1.126811
3508.509,1.116062
3508.509,1.116677
3510.463,1.116576
3510.463,1.115961
3512.061,1.127223
3512.061,1.126913
3514.014,1.125838
3515.790,1.125575
3515.790,1.117095
3517.566,1.127122
3517.566,1.118636
3519.519,1.128197
3519.519,1.117812
3521.118,1.117245
3521.118,1.117448
3523.071,1.126656
3524.847,1.126913
3524.847,1.117042
3526.800,1.126244
3526.800,1.116062
3528.576,1.118069
3528.576,1.119197
3530.174,1.118326
3530.174,1.118379
3532.128,1.119818
3532.128,1.129278
3533.904,1.118272
3535.857,1.129535
3535.857,1.118272
3537.633,1.126704
3537.633,1.118272
3539.409,1.120738
3541.184,1.120947
3541.184,1.121723
3542.960,1.133189
3544.914,1.132264
3544.914,1.124190
3546.690,1.122440
3546.690,1.131386
3548.465,1.121508
3548.465,1.132156
3550.241,1.122183
3550.241,1.132210
3552.195,1.121049
3552.195,1.120589
3553.970,1.129947
3555.746,1.121926
3555.746,1.121670
3557.522,1.130251
3557.522,1.131075
3559.298,1.132108
3559.298,1.123210
3561.251,1.122130
3561.251,1.134013
3563.027,1.133339
3564.981,1.132622
3564.981,1.123521
3566.579,1.123521
3566.579,1.123007
3568.355,1.122494
3568.355,1.122130
3570.308,1.132108
3570.308,1.131798
3572.084,1.121413
3574.037,1.119920
3574.037,1.129433
3575.636,1.128967
3575.636,1.129224
3577.411,1.128352
3577.411,1.118636
3579.365,1.117555
3579.365,1.125934
3581.141,1.114981
3581.141,1.125934
3583.094,1.125014
3584.692,1.114981
3584.692,1.125623
3586.646,1.116474
3586.646,1.127122
3588.422,1.126608
3588.422,1.116731
3590.197,1.126190
3590.197,1.127940
3592.151,1.128507
3593.749,1.129075
3593.749,1.128042
3595.702,1.117913
3595.702,1.127785
3597.478,1.128042
3597.478,1.127480
3599.432,1.128454
3599.432,1.128967
3601.208,1.118636
3601.208,1.119968
3602.806,1.131953
3604.759,1.121771
3604.759,1.121616
3606.535,1.119968
3606.535,1.129899
3608.488,1.129021
3608.488,1.129075
3610.264,1.131493
3610.264,1.120947
3612.040,1.130203
3613.816,1.129738
3613.816,1.126298
3615.592,1.116934
3615.592,1.117704
3617.545,1.126555
3617.545,1.116421
3619.321,1.117501
3619.321,1.116988
3621.097,1.116839
3621.097,1.126137
3622.873,1.114522
3624.826,1.124136
3624.826,1.113387
3626.602,1.113799
3626.602,1.124339
3628.378,1.114265
3628.378,1.113644
3630.154,1.112157
3630.154,1.114109
3631.929,1.114313
3633.883,1.124238
3633.883,1.114981
3635.659,1.125934
3635.659,1.116110
3637.612,1.125014
3637.612,1.125730
3639.210,1.116110
3639.210,1.115292
3640.986,1.115083
3640.986,1.115549
3642.940,1.125934
3644.715,1.116367
3644.715,1.116624
3646.669,1.126758
3646.669,1.115650
3648.267,1.125420
3648.267,1.115758
3650.220,1.115292
3650.220,1.125880
3651.996,1.116677
3653.772,1.118272
3653.772,1.125987
3655.726,1.116014
3655.726,1.115549
3657.324,1.115340
3657.324,1.124960
3659.277,1.115137
3659.277,1.114778
3661.053,1.114265
3663.006,1.115238
3663.006,1.125784
3664.782,1.126704
3664.782,1.116367
3666.381,1.113900
3666.381,1.114468
3668.334,1.114934
3668.334,1.115340
3670.110,1.114109
3670.110,1.122852
3672.063,1.123569
3673.839,1.114569
3673.839,1.124393
3675.437,1.115704
3675.437,1.115907
3677.391,1.113954
3677.391,1.113130
3679.167,1.121926
3679.167,1.120589
3681.120,1.109893
3682.896,1.119562
3682.896,1.121562
3684.672,1.121467
3684.672,1.120846
3686.447,1.119406
3686.447,1.108705
3688.223,1.108657
3688.223,1.109069
3690.177,1.108096
3690.177,1.118893
3691.953,1.109225
3693.728,1.108353
3693.728,1.108138
3695.504,1.110407
3695.504,1.110712
3697.458,1.111536
3697.458,1.120075
3699.233,1.120738
3699.233,1.110353
3701.009,1.110096
3702.785,1.121102
3702.785,1.120738
3704.561,1.109428
3704.561,1.119508
3706.514,1.108914
3706.514,1.110096
3708.290,1.120947
3708.290,1.120278
3710.244,1.109529
3710.244,1.117042
3711.842,1.107529
3713.618,1.116731
3713.618,1.105158
3715.571,1.104901
3715.571,1.102482
3717.347,1.101766
3717.347,1.110712
3719.300,1.109893
3719.300,1.097705
3720.899,1.095543
3722.852,1.095699
3722.852,1.097191
3724.628,1.096266
3724.628,1.098732
3726.404,1.097807
3726.404,1.097341
3728.357,1.096158
3728.357,1.105982
3729.955,1.106549
3731.909,1.094773
3731.909,1.104590
3733.685,1.093387
3733.685,1.103414
3735.638,1.102124
3735.638,1.091686
3737.414,1.099503
3737.414,1.100482
3739.012,1.090963
3739.012,1.101043
3740.965,1.090402
3742.741,1.100380
3742.741,1.099867
3744.695,1.101097
3744.695,1.101306
3746.471,1.100995
3746.471,1.101097
3748.246,1.099043
3748.246,1.088550
3750.022,1.089112
3751.798,1.098272
3751.798,1.089016
3753.751,1.089530
3753.751,1.090246
3755.527,1.101408
3755.527,1.100942
3757.303,1.090354
3757.303,1.099706
3759.079,1.089219
3759.079,1.090611
3761.032,1.091172
3762.808,1.091327
3762.808,1.091787
3764.584,1.100786
3764.584,1.092199
3766.360,1.100327
3766.360,1.092665
3768.136,1.103360
3768.136,1.103981
3770.089,1.092969
3771.865,1.092820
3771.865,1.103050
3773.641,1.102948
3773.641,1.093387
3775.417,1.102996
3775.417,1.101563
3777.192,1.099867
3777.192,1.100070
3779.146,1.098625
3779.146,1.098219
3780.922,1.097448
3782.875,1.086645
3782.875,1.087625
3784.473,1.094618
3784.473,1.096314
3786.249,1.095591
3786.249,1.095955
3788.203,1.084125
3788.203,1.084334
3789.978,1.094821
3791.932,1.093644
3791.932,1.094253
3793.530,1.083355
3793.530,1.082740
3795.483,1.091996
3795.483,1.092253
3797.259,1.091381
3797.259,1.092307
3799.035,1.083044
3799.035,1.094206
3800.989,1.094671
3802.587,1.094206
3802.587,1.085051
3804.540,1.084794
3804.540,1.095645
3806.316,1.093997
3806.316,1.094468
3808.269,1.083665
3808.269,1.093901
3810.045,1.084125
3811.644,1.092354
3811.644,1.083456
3813.597,1.092713
3813.597,1.082638
3815.373,1.080787
3815.373,1.093023
3817.326,1.082788
3817.326,1.084024
3819.102,1.092151
3820.878,1.093435
3820.878,1.094415
3822.654,1.085618
3822.654,1.095077
3824.430,1.085158
3824.430,1.094468
3826.383,1.085308
3826.383,1.093847
3828.159,1.083821
3828.159,1.085254
3829.935,1.095752
3831.710,1.085469
3831.710,1.097191
3833.664,1.088753
3833.664,1.097807
3835.440,1.088753
3835.440,1.087057
3837.216,1.087314
3837.216,1.086592
3838.991,1.086287
3840.767,1.096935
3840.767,1.096523
3842.721,1.086854
3842.721,1.098272
3844.496,1.100124
3844.496,1.100637
3846.450,1.091070
3846.450,1.103307
3848.048,1.091942
3848.048,1.091429
3849.824,1.089530
3851.777,1.089733
3851.777,1.099706
3853.553,1.100685
3853.553,1.099556
3855.507,1.089273
3855.507,1.088085
3857.105,1.098840
3857.105,1.098219
3859.058,1.097191
3860.834,1.088341
3860.834,1.099096
3862.610,1.101306
3862.610,1.102691
3864.563,1.093483
3864.563,1.104644
3866.162,1.095699
3866.162,1.095077
3868.115,1.104853
3868.115,1.096827
3869.891,1.097293
3871.667,1.107576
3871.667,1.108353
3873.620,1.097293
3875.218,1.098165
3875.218,1.096935
3877.172,1.096881
3877.172,1.106704
3878.948,1.097239
3880.901,1.107881
3880.901,1.105624
3882.677,1.106340
3882.677,1.096415
3884.275,1.094928
3884.275,1.102996
3886.228,1.103772
3886.228,1.093226
3888.004,1.102590
3889.958,1.101712
3889.958,1.102691
3891.734,1.101766
3891.734,1.093435
3893.509,1.102996
3893.509,1.093537
3895.285,1.092253
3895.285,1.101252
3897.061,1.100428
3897.061,1.091172
3899.014,1.099449
3900.790,1.097598
3900.790,1.087828
3902.566,1.086544
3902.566,1.086699
3904.342,1.084645
3904.342,1.095699
3906.295,1.085158
3906.295,1.096266
3908.071,1.095543
3909.847,1.094253
3909.847,1.085254
3911.623,1.085206
3911.623,1.094874
3913.399,1.094821
3913.399,1.093794
3915.352,1.082686
3915.352,1.092665
3917.128,1.083922
3917.128,1.092408
3919.081,1.081964
3920.680,1.092611
3920.680,1.093387
3922.455,1.094158
3922.455,1.094361
3924.409,1.084024
3924.409,1.083869
3926.185,1.082788
3926.185,1.082429
3928.138,1.091273
3929.736,1.089368
3929.736,1.089321
3931.690,1.088909
3931.690,1.087828
3933.466,1.077443
3933.466,1.076362
3935.241,1.075592
3935.241,1.086287
3937.195,1.075227
3937.195,1.075795
3938.793,1.084997
3940.746,1.074768
3940.746,1.084078
3942.522,1.073997
3942.522,1.074714
3944.476,1.085726
3944.476,1.075227
3946.252,1.084484
3946.252,1.075389
3947.850,1.086496
3949.803,1.085929
3949.803,1.086442
3951.579,1.085821
3951.579,1.085511
3953.532,1.084125
3953.532,1.073943
3955.308,1.072761
3955.308,1.084645
3957.084,1.073275
3958.860,1.071680
3958.860,1.079599
3960.636,1.079706
3960.636,1.070086
3962.589,1.069214
3962.589,1.068288
3964.365,1.077956
3964.365,1.067566
3966.141,1.077544
3966.141,1.075998
3967.917,1.075902
3969.692,1.066742
3969.692,1.075389
3971.646,1.065714
3971.646,1.066335
3973.422,1.066335
3973.422,1.068700
3975.198,1.079652
3975.198,1.079294
3976.973,1.080936
3978.927,1.080530
3980.703,1.069883
3980.703,1.071579
3982.478,1.083456
3982.478,1.072140
3984.254,1.083253
3984.254,1.082841
3986.030,1.074308
3986.030,1.074254
3987.984,1.071937
3989.759,1.072707
3989.759,1.082429
3991.713,1.083409
3991.713,1.073018
3993.311,1.082686
3993.311,1.071626
3995.087,1.080321
3995.087,1.078828
3997.040,1.079342
3998.816,1.079342
3998.816,1.069781
4000.770,1.077903
4000.770,1.077801
4002.368,1.068700
4002.368,1.067309
4004.321,1.075950
4004.321,1.076255
4006.097,1.075126
4006.097,1.063403
4007.873,1.063965
4009.826,1.063451
4009.826,1.064174
4011.425,1.072612
4011.425,1.073687
4013.378,1.073687
4013.378,1.063248
4015.154,1.074254
4015.154,1.075645
4017.107,1.065511
4018.883,1.065511
4018.883,1.075484
4020.481,1.074511
4020.481,1.062681
4022.435,1.063099
4022.435,1.061809
4024.210,1.071017
4024.210,1.072044
4026.164,1.071937
4026.164,1.061964
4027.940,1.061242
4029.716,1.069626
4029.716,1.068856
4031.491,1.070038
4031.491,1.059133
4033.267,1.059241
4033.267,1.066903
4035.221,1.055533
4035.221,1.055897
4036.996,1.055222
4038.772,1.054917
4038.772,1.064484
4040.548,1.053884
4040.548,1.064383
4042.502,1.065714
4042.502,1.056715
4044.277,1.056458
4044.277,1.065822
4046.053,1.064639
4047.829,1.055126
4047.829,1.065255
4049.605,1.066335
4049.605,1.056924
4051.558,1.057181
4051.558,1.056357
4053.334,1.056154
4053.334,1.058160
4055.288,1.060626
4055.288,1.070551
4056.886,1.070038
4058.662,1.069524
4058.662,1.059546
4060.615,1.069268
4060.615,1.057903
4062.391,1.058106
4062.391,1.068288
4064.344,1.068288
4064.344,1.069572
4065.943,1.068700
4067.718,1.066646
4067.718,1.057282
4069.672,1.066025
4069.672,1.056100
4071.448,1.067727
4071.448,1.068497
4073.401,1.069315
4073.401,1.069059
4074.999,1.058775
4074.999,1.058727
4076.953,1.059856
4078.729,1.068856
4078.729,1.069059
4080.504,1.059187
4080.504,1.068700
4082.458,1.068031
4082.458,1.067470
4084.056,1.058984
4084.056,1.059958
4086.009,1.060268
4087.785,1.059755
4087.785,1.060985
4089.739,1.070653
4089.739,1.062167
4091.514,1.069781
4091.514,1.070808
4093.113,1.062113
4093.113,1.062788
4095.066,1.062788
4095.066,1.072451
4096.842,1.073125
4098.795,1.062627
4098.795,1.062113
4100.571,1.062938
4100.571,1.063099
4102.347,1.062113
4102.347,1.071579
4104.123,1.061295
4104.123,1.072451
4105.899,1.071937
4107.852,1.071680
4107.852,1.061857
4109.628,1.061242
4109.628,1.069883
4111.404,1.060316
4111.404,1.071167
4113.180,1.071322
4113.180,1.057903
4115.133,1.058363
4116.909,1.067470
4116.909,1.058106
4118.685,1.059647
4118.685,1.070139
4120.461,1.069059
4120.461,1.058363
4122.236,1.055945
4122.236,1.055998
4124.190,1.056972
4124.190,1.068390
4125.966,1.067106
4127.919,1.066025
4127.919,1.067619
4129.517,1.057796
4129.517,1.056410
4131.293,1.065511
4131.293,1.056458
4133.247,1.067309
4133.247,1.067727
4135.022,1.068079
4136.976,1.056769
4136.976,1.065870
4138.574,1.055897
4138.574,1.064383
4140.527,1.055640
4142.303,1.064383
4142.303,1.063917
4144.079,1.055126
4144.079,1.064741
4146.032,1.055019
4147.631,1.063612
4147.631,1.053425
4149.584,1.062167
4149.584,1.049776
4151.360,1.060214
4151.360,1.060268
4153.313,1.049053
4153.313,1.059856
4155.089,1.060268
4156.687,1.050134
4156.687,1.060782
4158.641,1.062167
4158.641,1.062884
4160.417,1.063869
4160.417,1.062991
4162.370,1.064275
4162.370,1.053066
4164.146,1.053628
4164.146,1.055897
4165.744,1.065870
4167.698,1.055998
4167.698,1.066335
4169.473,1.057485
4169.473,1.068288
4171.427,1.056924
4171.427,1.057593
4173.203,1.057390
4173.203,1.067106
4174.979,1.065768
4176.754,1.066538
4176.754,1.065255
4178.530,1.065458
4178.530,1.055383
4180.484,1.054404
4180.484,1.064639
4182.259,1.066485
4182.259,1.058160
4184.035,1.058727
4185.811,1.059133
4185.811,1.067876
4187.765,1.067309
4187.765,1.068390
4189.540,1.059337
4189.540,1.069160
4191.316,1.059647
4191.316,1.061038
4193.092,1.071370
4193.092,1.071167
4194.868,1.061964
4196.821,1.070599
4196.821,1.069626
4198.597,1.059802
4198.597,1.069471
4200.551,1.059289
4200.551,1.056613
4202.149,1.056357
4203.925,1.064896
4205.878,1.065356
4205.878,1.053425
4207.654,1.064896
4207.654,1.055688
4209.607,1.055789
4209.607,1.054099
4211.205,1.053221
4211.205,1.054613
4213.159,1.065153
4213.159,1.054965
4214.935,1.065153
4216.711,1.053580
4216.711,1.064383
4218.664,1.063302
4218.664,1.052499
4220.262,1.051269
4220.262,1.053532
4222.216,1.054195
4222.216,1.063248
4223.991,1.054505
4225.945,1.064221
4225.945,1.066795
4227.721,1.055688
4227.721,1.066951
4229.319,1.065768
4229.319,1.064741
4231.272,1.055586
4231.272,1.057282
4233.048,1.066742
4233.048,1.066389
4235.002,1.056357
4236.777,1.065714
4236.777,1.055640
4238.553,1.056154
4238.553,1.065201
4240.329,1.064944
4240.329,1.064896
4242.105,1.055688
4242.105,1.063099
4244.058,1.062275
4245.834,1.062018
4245.834,1.061809
4247.610,1.052553
4247.610,1.063045
4249.386,1.052857
4249.386,1.062938
4251.339,1.064532
4251.339,1.065458
4253.115,1.055586
4253.115,1.066025
4254.891,1.054141
4256.667,1.051938
4256.667,1.060985
4258.443,1.050546
4258.443,1.050958
4260.396,1.059755
4260.396,1.060573
4262.172,1.060268
4262.172,1.050755
4264.125,1.050857
4265.724,1.060471
4265.724,1.051215
4267.499,1.059647
4267.499,1.057999
4269.453,1.047972
4269.453,1.048796
4271.229,1.059241
4271.229,1.059701
4273.182,1.050445
4274.780,1.059802
4274.780,1.050242
4276.556,1.060011
4276.556,1.051573
4278.509,1.061600
4278.509,1.061086
4280.285,1.060525
4280.285,1.049728
4282.239,1.050958
4282.239,1.051418
4283.837,1.051830
4285.790,1.062275
4285.790,1.053168
4287.566,1.051938
4287.566,1.062424
4289.342,1.061707
4289.342,1.051060
4291.295,1.049567
4291.295,1.058775
4292.894,1.059337
4294.847,1.062221
4294.847,1.050958
4296.623,1.061242
4296.623,1.050445
4298.576,1.060268
4298.576,1.052499
4300.352,1.051627
4300.352,1.051675
4301.950,1.062370
4301.950,1.053478
4303.904,1.065410
4305.680,1.056410
4305.680,1.056566
4307.633,1.057181
4307.633,1.067512
4309.409,1.067052
4309.409,1.056512
4311.185,1.056410
4311.185,1.055897
4312.961,1.055126
4314.736,1.056566
4314.736,1.056100
4316.690,1.056667
4316.690,1.056924
4318.466,1.056303
4318.466,1.055586
4320.242,1.055789
4320.242,1.065667
4322.017,1.054046
4322.017,1.064944
4323.971,1.065153
4325.747,1.054708
4325.747,1.054302
4327.522,1.054046
4327.522,1.066951
4329.298,1.054613
4329.298,1.063356
4331.074,1.062681
4331.074,1.052397
4333.028,1.061397
4334.803,1.060268
4334.803,1.049161
4336.757,1.049513
4336.757,1.060268
4338.355,1.061140
4338.355,1.053168
4340.131,1.061343
4340.131,1.060525
4342.084,1.059701
4343.860,1.051060
4343.860,1.061397
4345.813,1.051269
4345.813,1.050188
4347.412,1.060573
4349.365,1.060214
4349.365,1.052039
4351.141,1.051938
4351.141,1.062424
4352.917,1.062221
4354.870,1.052553
4354.870,1.051729
4356.468,1.062221
4358.422,1.064896
4358.422,1.064586
4360.198,1.063762
4360.198,1.064586
4362.151,1.063762
4363.927,1.063403
4363.927,1.054141
4365.525,1.062681
4365.525,1.052194
4367.479,1.061194
4367.479,1.050134
4369.254,1.050594
4369.254,1.051675
4371.208,1.060417
4371.208,1.061654
4372.984,1.051627
4374.582,1.050958
4374.582,1.061295
4376.535,1.060626
4376.535,1.061498
4378.311,1.061654
4378.311,1.062066
4380.265,1.062836
4380.265,1.053066
4382.040,1.052553
4383.816,1.062167
4383.816,1.062681
4385.592,1.064998
4385.592,1.065308
4387.368,1.065356
4387.368,1.063965
4389.321,1.063917
4389.321,1.063302
4391.097,1.064687
4391.097,1.064275
4392.873,1.063194
4394.649,1.052087
4394.649,1.053425
4396.602,1.054870
4396.602,1.064126
4398.378,1.055174
4398.378,1.055586
4400.154,1.056357
4400.154,1.057694
4401.930,1.057694
4403.706,1.058877
4403.706,1.060937
4405.659,1.070342
4405.659,1.069524
4407.435,1.067363
4407.435,1.056357
4409.388,1.056046
4409.388,1.056870
4410.986,1.058512
4412.762,1.068593
4412.762,1.068700
4414.716,1.058877
4414.716,1.058106
4416.492,1.058620
4416.492,1.069727
4418.445,1.069059
4418.445,1.067775
4420.043,1.058106
4420.043,1.058363
4421.997,1.068903
4423.772,1.057127
4423.772,1.067160
4425.548,1.069369
4425.548,1.069268
4427.502,1.069268
4427.502,1.060573
4429.100,1.060782
4429.100,1.071477
4431.053,1.070707
4432.829,1.069417
4432.829,1.060674
4434.783,1.059647
4434.783,1.059080
4436.558,1.060059
4436.558,1.069214
4438.157,1.068133
4438.157,1.057229
4440.110,1.066998
4440.110,1.067207
4441.886,1.066389
4443.839,1.066903
4443.839,1.055276
4445.615,1.056458
4445.615,1.057742
4447.391,1.056924
4447.391,1.056357
4449.167,1.056357
4449.167,1.056870
4450.943,1.065099
4452.896,1.064687
4452.896,1.063762
4454.672,1.062424
4454.672,1.061498
4456.448,1.051525
4456.448,1.052911
4458.224,1.052857
4458.224,1.054708
4460.177,1.056303
4460.177,1.065255
4461.953,1.055789
4463.729,1.056613
4463.729,1.066742
4465.504,1.056769
4465.504,1.069214
4467.280,1.070038
4467.280,1.069059
4469.234,1.059444
4471.010,1.071065
4472.785,1.063403
4472.785,1.073173
4474.561,1.063660
4474.561,1.073382
4476.337,1.071883
4476.337,1.072247
4478.290,1.063505
4478.290,1.062836
4480.066,1.072140
4480.066,1.060626
4482.020,1.069829
4483.618,1.072964
4483.618,1.072815
4485.394,1.071937
4485.394,1.062018
4487.347,1.070139
4487.347,1.070086
4489.123,1.059593
4489.123,1.069674
4491.076,1.069268
4492.675,1.057539
4492.675,1.057850
4494.628,1.069112
4494.628,1.069883
4496.404,1.068903
4496.404,1.059593
4498.180,1.061451
4498.180,1.073072
4500.133,1.073125
4501.731,1.061343
4501.731,1.071626
4503.685,1.071579
4503.685,1.068593
4505.461,1.069417
4505.461,1.059856
4507.414,1.058674
4507.414,1.058984
4509.190,1.070086
4509.190,1.070498
4510.788,1.069369
4512.742,1.069160
4512.742,1.060214
4514.517,1.061857
4514.517,1.073328
4516.471,1.073740
4516.471,1.073173
4518.247,1.063451
4518.247,1.073943
4520.022,1.063302
4521.798,1.064174
4521.798,1.075848
4523.574,1.065613
4523.574,1.076105
4525.528,1.065099
4525.528,1.076929
4527.303,1.076929
4527.303,1.076207
4529.079,1.065255
4529.079,1.065308
4530.855,1.075693
4532.808,1.077956
4532.808,1.077700
4534.584,1.067619
4534.584,1.077700
4536.360,1.079294
4536.360,1.068593
4538.136,1.069059
4538.136,1.080733
4539.912,1.079963
4541.865,1.079497
4541.865,1.078625
4543.641,1.078572
4543.641,1.068288
4545.594,1.068593
4545.594,1.079497
4547.193,1.067566
4547.193,1.076983
4548.969,1.076255
4548.969,1.066180
4550.922,1.066694
4552.698,1.067416
4552.698,1.067619
4554.651,1.078936
4554.651,1.069369
4556.249,1.079599
4556.249,1.081659
4558.203,1.070342
4558.203,1.070241
4559.979,1.071370
4561.755,1.071322
4561.755,1.081611
4563.708,1.081450
4563.708,1.072301
4565.306,1.071835
4565.306,1.071065
4567.260,1.081659
4567.260,1.081354
4569.035,1.073484
4570.811,1.073018
4570.811,1.074152
4572.765,1.084591
4572.765,1.074355
4574.363,1.084334
4574.363,1.074869
4576.316,1.073221
4576.316,1.084334
4578.092,1.085618
4578.092,1.086335
4580.046,1.086699
4581.821,1.075078
4581.821,1.085511
4583.420,1.085105
4583.420,1.085254
4585.373,1.083510
4585.373,1.084436
4587.149,1.074869
4587.149,1.074971
4589.102,1.085564
4590.878,1.086078
4590.878,1.074099
4592.654,1.075078
4592.654,1.085469
4594.430,1.074971
4594.430,1.085051
4596.206,1.085051
4596.206,1.076105
4598.159,1.074821
4598.159,1.085672
4599.935,1.085929
4601.711,1.083821
4601.711,1.074254
4603.487,1.085051
4603.487,1.075126
4605.440,1.074821
4605.440,1.084537
4607.216,1.073173
4607.216,1.074612
4608.992,1.072612
4610.767,1.073018
4610.767,1.082017
4612.543,1.070241
4612.543,1.069781
4614.497,1.080321
4614.497,1.070808
4616.273,1.069160
4616.273,1.079706
4618.226,1.079652
4618.226,1.080841
4619.824,1.082997
4621.600,1.072194
4621.600,1.083713
4623.553,1.072916
4623.553,1.084024
4625.329,1.075645
4625.329,1.084484
4627.283,1.072301
4627.283,1.071370
4628.881,1.080220
4630.834,1.069626
4630.834,1.069727
4632.610,1.078213
4632.610,1.078781
4634.386,1.079497
4634.386,1.081139
4636.339,1.070396
4636.339,1.070856
4637.938,1.069524
4639.891,1.068802
4639.891,1.079193
4641.667,1.081098
4641.667,1.081354
4643.620,1.069674
4643.620,1.079085
4645.396,1.079139
4645.396,1.068133
4646.994,1.076565
4646.994,1.075281
4648.948,1.074666
4650.724,1.064687
4650.724,1.073896
4652.677,1.063559
4652.677,1.073072
4654.453,1.061397
4654.453,1.060161
4656.229,1.070450
4656.229,1.061140
4658.005,1.061654
4659.780,1.062938
4659.780,1.063917
4661.734,1.073585
4661.734,1.063045
4663.510,1.060370
4663.510,1.060985
4665.285,1.070450
4665.285,1.060316
4667.061,1.072660
4667.061,1.062681
4668.837,1.064126
4670.791,1.064842
4670.791,1.075180
4672.566,1.064842
4672.566,1.065356
4674.342,1.076726
4674.342,1.077079
4676.118,1.066389
4676.118,1.066694
4678.071,1.077646
4679.847,1.069059
4679.847,1.079139
4681.623,1.068390
4681.623,1.080530
4683.399,1.068903
4683.399,1.069160
4685.175,1.079294
4685.175,1.080017
4687.128,1.070498
4687.128,1.067106
4688.904,1.067619
4690.857,1.065511
4690.857,1.065870
4692.456,1.064842
4692.456,1.074409
4694.232,1.074821
4694.232,1.076362
4696.185,1.066335
4696.185,1.067930
4697.961,1.069471
4699.914,1.079193
4699.914,1.069674
4701.512,1.079449
4701.512,1.080220
4703.466,1.080990
4703.466,1.069417
4705.242,1.078828
4705.242,1.078112
4707.017,1.078369
4707.017,1.077646
4708.971,1.079449
4710.569,1.079497
4710.569,1.082531
4712.523,1.082585
4712.523,1.070856
4714.298,1.080112
4714.298,1.079497
4716.252,1.079909
4716.252,1.070450
4718.028,1.079396
4719.626,1.080274
4719.626,1.081044
4721.579,1.080578
4721.579,1.080477
4723.355,1.069369
4723.355,1.080990
4725.309,1.071065
4725.309,1.081098
4727.084,1.080064
4728.860,1.079652
4728.860,1.079754
4730.636,1.070964
4730.636,1.071220
4732.412,1.070856
4732.412,1.069524
4734.365,1.069984
4734.365,1.080112
4736.141,1.080369
4736.141,1.070856
4737.917,1.081450
4739.693,1.071065
4739.693,1.069829
4741.646,1.072558
4741.646,1.082740
4743.422,1.081247
4743.422,1.069674
4745.198,1.079808
4745.198,1.068647
4746.974,1.079240
4748.750,1.068497
4748.750,1.079396
4750.703,1.067876
4750.703,1.075902
4752.479,1.066335
4752.479,1.066389
4754.432,1.065667
4754.432,1.074869
4756.030,1.063762
4756.030,1.063403
4757.806,1.064484
4759.760,1.075024
4759.760,1.066079
4761.536,1.077956
4761.536,1.067470
4763.489,1.077753
4763.489,1.077592
4765.087,1.068336
4765.087,1.076929
4766.863,1.066742
4768.816,1.065613
4770.592,1.074355
4770.592,1.073173
4772.546,1.072504
4772.546,1.070450
4774.144,1.071579
4774.144,1.062221
4776.097,1.074714
4776.097,1.064072
4777.873,1.074355
4779.649,1.072964
4779.649,1.063965
4781.602,1.074045
4781.602,1.073740
4783.201,1.062478
4783.201,1.063559
4785.154,1.063194
4785.154,1.073943
4786.930,1.064687
4788.883,1.065201
4788.883,1.076511
4790.659,1.064896
4790.659,1.076159
4792.257,1.068079
4792.257,1.079449
4794.211,1.082483
4794.211,1.072355
4795.987,1.071017
4797.940,1.070599
4797.940,1.069471
4799.716,1.080530
4799.716,1.080166
4801.492,1.079963
4801.492,1.069936
4803.268,1.069674
4803.268,1.067207
4805.043,1.065870
4805.043,1.076774
4806.997,1.077240
4808.773,1.076362
4808.773,1.075436
4810.548,1.066282
4810.548,1.076159
4812.324,1.076051
4812.324,1.074714
4814.278,1.065565
4814.278,1.067207
4816.054,1.066903
4817.829,1.077855
4817.829,1.078416
4819.605,1.078315
4819.605,1.077389
4821.381,1.078625
4821.381,1.066742
4823.334,1.066592
4823.334,1.076469
4825.110,1.075227
4825.110,1.073997
4827.064,1.072403
4828.662,1.072916
4828.662,1.074409
4830.438,1.074254
4830.438,1.074666
4832.391,1.064944
4832.391,1.063451
4834.167,1.072558
4834.167,1.063403
4836.120,1.072916
4837.719,1.060937
4837.719,1.060214
4839.672,1.072140
4839.672,1.073018
4841.448,1.071370
4841.448,1.072355
4843.224,1.060161
4843.224,1.069417
4845.177,1.068903
4845.177,1.069984
4846.775,1.060937
4848.729,1.072612
4848.729,1.072916
4850.505,1.071991
4850.505,1.073072
4852.458,1.073484
4852.458,1.074045
4854.234,1.074308
4854.234,1.076308
4855.832,1.067207
4857.786,1.076876
4857.786,1.076416
4859.561,1.065153
4859.561,1.065046
4861.515,1.073328
4861.515,1.073072
4863.291,1.072707
4863.291,1.074254
4864.889,1.064896
4866.842,1.066592
4866.842,1.076469
4868.618,1.067775
4868.618,1.065511
4870.572,1.066485
4870.572,1.077186
4872.347,1.066282
4872.347,1.077497
4874.123,1.068903
4874.123,1.067727
4875.899,1.077186
4877.675,1.066389
4877.675,1.076619
4879.628,1.077389
4879.628,1.077288
4881.404,1.078267
4881.404,1.077288
4883.180,1.077497
4883.180,1.066849
4884.956,1.076774
4886.909,1.076619
4886.909,1.067512
4888.685,1.077186
4888.685,1.067512
4890.461,1.077903
4890.461,1.067470
4892.237,1.077646
4892.237,1.067775
4894.012,1.067309
4894.012,1.067363
4895.966,1.077443
4897.742,1.075998
4897.742,1.078160
4899.695,1.078524
4899.695,1.068031
4901.293,1.077700
4901.293,1.067207
4903.069,1.067416
4903.069,1.068593
4905.023,1.077592
4906.798,1.078112
4906.798,1.079449
4908.752,1.079449
4908.752,1.078524
4910.350,1.078160
4910.350,1.068497
4912.304,1.068133
4912.304,1.068288
4914.079,1.066849
4914.079,1.068593
4915.855,1.067876
4917.809,1.067876
4917.809,1.069572
4919.407,1.079963
4919.407,1.071220
4921.360,1.070498
4921.360,1.078882
4923.136,1.079754
4923.136,1.079963
4925.090,1.080530
4926.865,1.070038
4926.865,1.081450
4928.464,1.070599
4928.464,1.070551
4930.417,1.078828
4930.417,1.068856
4932.193,1.077801
4932.193,1.067822
4934.146,1.068133
4934.146,1.067309
4935.922,1.079449
4937.698,1.069471
4937.698,1.078673
4939.474,1.068700
4939.474,1.069984
4941.250,1.071423
4941.250,1.072761
4943.203,1.072707
4943.203,1.082017
4944.979,1.082017
4946.755,1.072194
4946.755,1.072707
4948.531,1.082686
4948.531,1.073328
4950.484,1.083970
4950.484,1.084179
4952.260,1.073842
4952.260,1.083307
4954.036,1.073943
4955.811,1.073125
4955.811,1.073687
4957.587,1.082483
4957.587,1.073842
4959.541,1.074565
4959.541,1.074152
4961.316,1.073531
4961.316,1.083307
4963.270,1.083564
4963.270,1.070808
4964.868,1.070498
4966.644,1.081916
4966.644,1.071734
4968.597,1.080477
4968.597,1.079909
4970.373,1.082429
4970.373,1.072612
4972.327,1.072098
4972.327,1.080220
4973.925,1.071626
4975.701,1.082071
4975.701,1.083821
4977.654,1.084179
4977.654,1.074355
4979.430,1.073997
4979.430,1.073382
4981.383,1.083355
4981.383,1.073639
4982.982,1.084227
4982.982,1.084388
4984.935,1.076416
4986.711,1.087111
4986.711,1.086132
4988.487,1.086186
4988.487,1.088037
4990.440,1.087368
4990.440,1.085564
4992.038,1.074869
4992.038,1.084949
4993.992,1.085415
4995.768,1.075693
4995.768,1.075484
4997.721,1.075795
4997.721,1.076159
4999.497,1.075078
4999.497,1.087673
5001.095,1.088753
5001.095,1.079193
5003.049,1.091381
5003.049,1.091017
5004.824,1.091017
5006.778,1.091124
5006.778,1.080017
5008.554,1.087469
5008.554,1.087010
5010.329,1.077903
5010.329,1.088449
5012.105,1.088294
5012.105,1.080017
5013.881,1.088497
5015.834,1.078267
5015.834,1.079808
5017.610,1.089016
5017.610,1.078625
5019.386,1.087111
5019.386,1.087523
5021.162,1.076255
5021.162,1.088652
5023.115,1.089882
5024.891,1.080936
5024.891,1.089530
5026.667,1.079449
5026.667,1.088962
5028.443,1.089990
5028.443,1.089625
5030.219,1.079963
5030.219,1.079652
5032.172,1.080369
5032.172,1.080578
5033.948,1.091172
5035.901,1.091841
5035.901,1.082740
5037.500,1.093178
5037.500,1.092922
5039.275,1.083152
5039.275,1.082173
5041.229,1.082071
5041.229,1.089787
5043.005,1.079551
5044.958,1.080477
5044.958,1.089422
5046.556,1.078524
5046.556,1.089625
5048.510,1.089990
5048.510,1.081814
5050.286,1.091787
5050.286,1.091327
5052.061,1.090658
5052.061,1.092098
5054.015,1.092354
5055.613,1.091739
5055.613,1.093847
5057.567,1.085511
5057.567,1.084848
5059.342,1.094618
5059.342,1.095854
5061.296,1.096827
5061.296,1.098016
5063.072,1.096935
5064.670,1.086287
5064.670,1.096672
5066.623,1.088753
5066.623,1.090097
5068.399,1.100894
5068.399,1.098989
5070.353,1.100225
5070.353,1.089733
5072.128,1.090300
5072.128,1.089990
5073.727,1.100124
5075.680,1.089422
5075.680,1.098625
5077.456,1.097651
5077.456,1.086335
5079.409,1.097395
5079.409,1.095955
5081.185,1.085821
5081.185,1.096935
5082.961,1.087010
5084.737,1.097496
5084.737,1.095902
5086.513,1.094510
5086.513,1.093125
5088.466,1.093387
5088.466,1.082125
5090.242,1.092408
5090.242,1.082531
5092.018,1.083564
5093.793,1.094928
5093.793,1.094874
5095.747,1.094821
5095.747,1.085875
5097.523,1.096779
5097.523,1.088395
5099.299,1.086239
5099.299,1.095752
5101.074,1.097036
5101.074,1.096982
5102.850,1.096624
5104.804,1.086078
5104.804,1.098111
5106.579,1.098422
5106.579,1.099096
5108.533,1.099813
5108.533,1.090402
5110.131,1.101306
5110.131,1.090814
5111.907,1.090706
5113.860,1.090193
5113.860,1.091220
5115.636,1.092044
5115.636,1.102482
5117.590,1.091070
5117.590,1.092199
5119.188,1.093435
5119.188,1.105415
5121.141,1.105468
5121.141,1.096415
5122.917,1.096469
5124.693,1.098368
5124.693,1.097962
5126.646,1.106961
5126.646,1.097496
5128.245,1.097239
5128.245,1.097191
5130.198,1.097651
5130.198,1.107164
5131.974,1.106448
5133.927,1.105056
5133.927,1.094874
5135.703,1.105522
5135.703,1.096469
5137.301,1.096779
5137.301,1.106961
5139.255,1.095388
5139.255,1.104853
5141.031,1.094725
5141.031,1.103874
5142.984,1.093847
5144.760,1.092408
5144.760,1.102536
5146.536,1.101408
5146.536,1.100637
5148.311,1.099867
5148.311,1.099192
5150.087,1.090139
5150.087,1.089016
5152.041,1.097341
5153.817,1.096415
5153.817,1.096779
5155.592,1.097191
5155.592,1.085983
5157.368,1.095388
5157.368,1.083767
5159.322,1.094671
5159.322,1.096266
5161.097,1.087057
5161.097,1.087469
5162.873,1.095699
5164.649,1.086078
5164.649,1.085361
5166.425,1.085929
5166.425,1.085821
5168.378,1.085158
5168.378,1.094618
5170.154,1.084078
5170.154,1.094104
5171.930,1.093023
5173.706,1.083970
5173.706,1.082429
5175.482,1.092665
5175.482,1.081916
5177.435,1.081760
5177.435,1.079808
5179.211,1.089064
5179.211,1.080626
5181.164,1.080626
5182.763,1.080733
5182.763,1.091070
5184.538,1.090963
5184.538,1.091686
5186.492,1.090915
5186.492,1.080530
5188.268,1.091686
5188.268,1.090557
5190.221,1.089882
5190.221,1.077700
5191.819,1.078315
5193.773,1.088085
5193.773,1.078267
5195.549,1.078058
5195.549,1.078315
5197.324,1.089273
5197.324,1.090402
5199.278,1.090354
5199.278,1.081504
5200.876,1.092199
5202.829,1.092151
5202.829,1.082943
5204.605,1.092713
5204.605,1.082740
5206.559,1.092510
5206.559,1.084436
5208.335,1.095077
5208.335,1.093537
5209.933,1.092354
5209.933,1.091787
5211.886,1.081964
5213.662,1.081098
5213.662,1.081659
5215.615,1.080787
5215.615,1.080990
5217.391,1.079551
5217.391,1.080530
5219.167,1.090611
5219.167,1.082638
5220.943,1.091942
5222.719,1.081760
5222.719,1.082638
5224.672,1.091996
5224.672,1.082788
5226.448,1.080936
5226.448,1.091530
5228.224,1.090706
5228.224,1.081193
5230.000,1.089625
5230.000,1.079855
5231.953,1.090246
5233.729,1.089422
5233.729,1.088085
5235.505,1.076822
5235.505,1.088085
5237.281,1.076105
5237.281,1.086801
5239.056,1.075998
5239.056,1.086030
5241.010,1.086389
5242.786,1.075848
5242.786,1.086389
5244.739,1.078416
5244.739,1.088395
5246.337,1.088652
5246.337,1.088598
5248.113,1.080064
5248.113,1.079294
5250.067,1.089476
5251.842,1.089064
5251.842,1.090402
5253.796,1.091787
5253.796,1.092044
5255.394,1.092713
5255.394,1.082895
5257.347,1.084281
5257.347,1.083355
5259.123,1.083821
5259.123,1.084125
5260.899,1.083970
5262.853,1.095645
5264.451,1.084388
5264.451,1.095442
5266.404,1.084902
5266.404,1.084794
5268.180,1.094050
5268.180,1.083869
5269.956,1.093794
5271.909,1.083564
5271.909,1.094361
5273.508,1.086335
5273.508,1.096779
5275.461,1.085821
5275.461,1.096057
5277.237,1.096212
5277.237,1.094982
5279.190,1.083456
5279.190,1.094050
5280.966,1.092098
5282.564,1.091841
5282.564,1.091895
5284.518,1.091017
5284.518,1.090193
5286.294,1.079808
5286.294,1.090246
5288.247,1.081402
5288.247,1.092922
5290.023,1.083409
5291.799,1.084484
5291.799,1.095699
5293.574,1.084848
5293.574,1.096158
5295.350,1.083970
5295.350,1.084484
5297.304,1.085726
5297.304,1.085618
5299.080,1.086132
5299.080,1.093740
5300.855,1.094928
5302.631,1.094928
5302.631,1.083767
5304.585,1.092199
5304.585,1.081301
5306.360,1.089882
5306.360,1.079240
5308.136,1.079342
5308.136,1.079808
5309.912,1.079963
5311.688,1.089625
5311.688,1.087469
5313.641,1.076774
5313.641,1.076565
5315.417,1.088037
5315.417,1.078213
5317.371,1.077132
5317.371,1.076983
5318.969,1.075848
5318.969,1.076051
5320.745,1.087057
5322.698,1.086645
5322.698,1.077132
5324.474,1.087673
5324.474,1.078058
5326.427,1.089321
5326.427,1.088497
5328.026,1.090706
5328.026,1.079963
5329.979,1.079294
5331.755,1.077903
5331.755,1.088449
5333.531,1.088240
5333.531,1.087213
5335.484,1.079396
5335.484,1.089368
5337.082,1.088395
5337.082,1.088855
5339.036,1.087111
5340.812,1.078315
5342.765,1.078936
5342.765,1.089733
5344.541,1.079085
5344.541,1.078213
5346.139,1.088341
5346.139,1.077801
5348.092,1.079037
5348.092,1.087368
5349.868,1.076929
5351.822,1.076876
5351.822,1.077288
5353.598,1.078160
5353.598,1.087314
5355.373,1.087469
5355.373,1.076619
5357.149,1.086335
5357.149,1.076416
5358.925,1.076983
5360.878,1.076565
5360.878,1.074923
5362.654,1.075335
5362.654,1.074821
5364.430,1.083970
5364.430,1.073842
5366.206,1.073382
5366.206,1.083713
5367.982,1.073943
5367.982,1.083970
5369.935,1.082686
5371.711,1.082328
5371.711,1.082841
5373.487,1.084179
5373.487,1.074457
5375.263,1.077186
5375.263,1.077443
5377.216,1.087523
5377.216,1.087780
5378.992,1.078112
5380.768,1.086854
5380.768,1.077132
5382.544,1.086699
5382.544,1.088085
5384.319,1.088037
5384.319,1.088909
5386.273,1.079294
5386.273,1.080841
5388.049,1.089530
5388.049,1.080423
5390.002,1.081504
5391.600,1.082328
5391.600,1.081659
5393.376,1.092253
5393.376,1.081868
5395.330,1.092510
5395.330,1.091895
5397.105,1.091942
5397.105,1.092820
5399.059,1.090611
5400.657,1.089476
5400.657,1.089321
5402.610,1.081611
5402.610,1.082173
5404.386,1.094415
5404.386,1.094928
5406.162,1.084227
5406.162,1.084388
5408.116,1.095185
5409.714,1.095902
5409.714,1.085618
5411.667,1.095645
5411.667,1.094468
5413.443,1.093077
5413.443,1.093644
5415.396,1.095496
5415.396,1.096779
5417.172,1.086544
5417.172,1.097705
5418.771,1.089219
5420.724,1.089321
5420.724,1.098989
5422.500,1.090193
5422.500,1.100225
5424.453,1.090867
5424.453,1.100995
5426.229,1.101766
5426.229,1.093125
5428.005,1.092713
5429.781,1.092253
5429.781,1.092151
5431.557,1.102691
5431.557,1.103205
5433.510,1.102536
5433.510,1.093077
5435.286,1.102226
5435.286,1.093077
5437.062,1.104077
5437.062,1.093692
5438.837,1.093692
5440.791,1.104334
5440.791,1.093949
5442.567,1.091996
5442.567,1.091638
5444.343,1.093644
5444.343,1.104286
5446.118,1.093435
5446.118,1.102124
5447.894,1.103050
5449.848,1.103104
5449.848,1.102590
5451.623,1.102226
5451.623,1.092253
5453.577,1.100685
5453.577,1.091584
5455.175,1.091327
5455.175,1.102590
5456.951,1.102536
5456.951,1.094050
5458.904,1.094104
5460.680,1.093023
5460.680,1.093387
5462.634,1.103360
5462.634,1.101664
5464.232,1.091584
5464.232,1.089882
5466.008,1.089368
5466.008,1.097598
5467.961,1.099813
5469.737,1.089882
5469.737,1.099138
5471.690,1.100530
5471.690,1.099658
5473.289,1.097598
5473.289,1.086078
5475.242,1.086645
5475.242,1.096570
5477.018,1.088192
5478.794,1.098678
5478.794,1.097854
5480.747,1.087010
5480.747,1.096469
5482.345,1.086902
5482.345,1.096827
5484.299,1.097036
5484.299,1.086544
5486.075,1.087111
5486.075,1.087726
5488.028,1.097496
5489.804,1.097753
5489.804,1.098165
5491.402,1.090658
5491.402,1.089165
5493.355,1.089577
5493.355,1.090043
5495.131,1.090043
5495.131,1.100637
5497.085,1.101354
5498.861,1.091996
5498.861,1.089625
5500.636,1.089787
5500.636,1.100273
5502.412,1.090246
5502.412,1.087416
5504.188,1.097191
5504.188,1.099867
5506.141,1.090193
5506.141,1.091739
5507.917,1.091429
5509.693,1.101252
5509.693,1.101766
5511.469,1.092969
5511.469,1.101820
5513.422,1.100016
5513.422,1.091381
5515.198,1.100016
5515.198,1.100273
5516.974,1.091172
5518.750,1.100995
5518.750,1.099813
5520.526,1.088909
5520.526,1.089273
5522.479,1.098320
5522.479,1.088550
5524.255,1.087726
5524.255,1.086801
5526.208,1.096212
5526.208,1.087010
5527.807,1.086287
5529.582,1.086496
5529.582,1.095591
5531.536,1.096779
5531.536,1.098422
5533.312,1.090867
5533.312,1.091172
5535.265,1.092510
5535.265,1.091638
5536.863,1.100070
5538.817,1.089321
5538.817,1.089219
5540.593,1.089368
5540.593,1.096212
5542.368,1.085875
5542.368,1.086645
5544.322,1.085051
5544.322,1.087057
5545.920,1.086902
5545.920,1.095077
5547.873,1.085254
5549.649,1.083922
5549.649,1.083970
5551.603,1.095239
5551.603,1.095902
5553.379,1.096367
5553.379,1.086186
5554.977,1.086186
5554.977,1.089112
5556.930,1.099401
5558.706,1.100840
5558.706,1.090402
5560.659,1.088909
5560.659,1.088598
5562.435,1.098786
5562.435,1.101563
5564.034,1.093387
5564.034,1.105110
5565.987,1.105570
5567.763,1.095442
5567.763,1.105158
5569.716,1.093125
5569.716,1.093077
5571.492,1.102435
5571.492,1.091530
5573.268,1.089840
5573.268,1.088652
5575.044,1.087935
5575.044,1.095645
5576.819,1.084537
5578.773,1.094361
5578.773,1.084537
5580.549,1.093949
5580.549,1.083253
5582.325,1.093644
5582.325,1.094253
5584.100,1.084537
5584.100,1.094104
5586.054,1.083767
5587.830,1.094206
5587.830,1.083922
5589.605,1.092665
5589.605,1.083821
5591.381,1.093692
5591.381,1.094361
5593.157,1.093023
5593.157,1.082328
5595.111,1.082686
5595.111,1.092510
5596.886,1.083767
5598.840,1.083044
5598.840,1.092151
5600.438,1.081247
5600.438,1.093537
5602.214,1.093537
5602.214,1.093178
5604.167,1.091172
5604.167,1.093483
5605.943,1.091381
5607.897,1.080578
5607.897,1.089840
5609.495,1.080274
5609.495,1.089787
5611.448,1.089625
5611.448,1.088294
5613.224,1.087882
5613.224,1.078470
5615.000,1.078781
5615.000,1.079449
5616.953,1.079294
5618.552,1.081098
5618.552,1.081557
5620.505,1.092408
5620.505,1.081964
5622.281,1.079652
5622.281,1.089016
5624.234,1.088706
5624.234,1.088598
5626.010,1.078213
5627.608,1.088550
5627.608,1.089368
5629.562,1.090193
5629.562,1.078572
5631.337,1.088085
5631.337,1.079396
5633.291,1.078572
5633.291,1.080064
5635.067,1.081611
5636.843,1.083612
5636.843,1.094415
5638.618,1.094253
5638.618,1.082429
5640.394,1.093023
5640.394,1.092199
5642.348,1.093226
5642.348,1.081354
5644.123,1.082483
5644.123,1.081504
5645.899,1.082531
5647.675,1.092044
5647.675,1.091584
5649.629,1.080369
5649.629,1.080064
5651.404,1.080990
5651.404,1.081098
5653.180,1.081504
5653.180,1.090503
5654.956,1.080274
5656.732,1.089219
5656.732,1.090658
5658.685,1.090503
5658.685,1.090658
5660.461,1.079449
5660.461,1.088706
5662.415,1.087368
5662.415,1.077240
5664.013,1.088085
5664.013,1.076159
5665.789,1.075126
5667.742,1.075126
5667.742,1.085254
5669.518,1.075950
5669.518,1.076362
5671.471,1.085511
5671.471,1.086078
5673.070,1.085821
5673.070,1.073943
5674.845,1.083307
5676.799,1.083253
5676.799,1.083821
5678.575,1.083152
5678.575,1.073788
5680.528,1.085469
5680.528,1.075950
5682.126,1.075484
5682.126,1.085158
5684.080,1.075848
5684.080,1.075078
5685.856,1.075741
5687.631,1.076929
5687.631,1.087983
5689.585,1.088962
5689.585,1.088240
5691.183,1.077956
5691.183,1.088449
5693.136,1.088192
5693.136,1.088037
5694.912,1.077903
5696.866,1.076822
5696.866,1.087266
5698.641,1.086496
5698.641,1.086956
5700.240,1.087416
5700.240,1.078673
5702.193,1.078727
5702.193,1.088085
5703.969,1.088037
5705.922,1.087882
5705.922,1.088085
5707.698,1.087368
5707.698,1.076619
5709.474,1.085726
5709.474,1.075795
5711.250,1.084848
5711.250,1.077132
5713.026,1.075389
5713.026,1.085158
5714.979,1.074971
5716.755,1.084645
5716.755,1.085361
5718.531,1.076469
5718.531,1.077592
5720.307,1.088037
5720.307,1.079706
5722.260,1.088240
5722.260,1.077753
5724.036,1.078984
5725.812,1.080321
5725.812,1.090246
5727.588,1.089840
5727.588,1.081193
5729.363,1.089936
5729.363,1.080423
5731.317,1.090611
5731.317,1.078416
5733.093,1.088855
5733.093,1.078369
5735.046,1.078727
5736.644,1.079551
5736.644,1.089273
5738.420,1.089368
5738.420,1.089422
5740.374,1.079754
5740.374,1.088706
5742.149,1.089112
5742.149,1.087523
5744.103,1.086854
5745.701,1.087780
5745.701,1.077956
5747.654,1.078160
5747.654,1.078369
5749.430,1.078416
5749.430,1.088753
5751.206,1.078572
5751.206,1.077646
5753.159,1.087469
5753.159,1.077335
5754.758,1.074612
5756.711,1.073943
5756.711,1.073072
5758.487,1.081760
5758.487,1.069572
5760.440,1.071167
5760.440,1.080321
5762.216,1.080936
5762.216,1.081098
5763.814,1.069059
5765.768,1.079294
5765.768,1.068545
5767.544,1.077335
5767.544,1.077079
5769.497,1.077855
5769.497,1.068802
5771.273,1.079706
5771.273,1.079294
5772.871,1.068700
5772.871,1.069112
5774.825,1.078470
5776.600,1.078213
5776.600,1.077646
5778.554,1.068187
5778.554,1.077132
5780.330,1.077903
5780.330,1.069011
5782.106,1.067255
5782.106,1.066795
5783.881,1.068336
5785.657,1.068957
5785.657,1.078470
5787.611,1.078010
5787.611,1.068903
5789.386,1.067822
5789.386,1.078416
5791.162,1.069471
5791.162,1.080017
5792.938,1.070193
5794.892,1.079342
5794.892,1.079240
5796.667,1.078267
5796.667,1.069112
5798.443,1.078470
5798.443,1.078315
5800.219,1.066025
5800.219,1.064998
5801.995,1.075335
5801.995,1.064126
5803.948,1.076308
5805.724,1.064532
5807.678,1.075180
5807.678,1.065099
5809.276,1.076726
5809.276,1.065768
5811.052,1.067470
5811.052,1.075592
5813.005,1.074045
5814.781,1.063612
5814.781,1.064789
5816.734,1.065099
5816.734,1.076774
5818.332,1.065356
5818.332,1.065255
5820.286,1.064741
5820.286,1.075848
5822.062,1.075335
5822.062,1.066998
5823.838,1.066180
5825.791,1.076362
5825.791,1.077031
5827.389,1.067255
5827.389,1.067416
5829.343,1.069160
5829.343,1.069883
5831.118,1.070139
5831.118,1.070241
5833.072,1.082071
5834.848,1.070910
5834.848,1.078882
5836.446,1.078572
5836.446,1.068443
5838.399,1.068754
5838.399,1.077855
5840.175,1.077389
5840.175,1.078369
5842.129,1.067930
5842.129,1.079240
5843.904,1.079139
5845.680,1.069160
5845.680,1.078369
5847.456,1.079497
5847.456,1.070086
5849.232,1.068903
5849.232,1.067727
5851.185,1.068593
5851.185,1.068133
5852.961,1.068390
5854.737,1.077956
5854.737,1.076511
5856.513,1.066998
5856.513,1.066795
5858.466,1.077389
5858.466,1.074768
5860.242,1.073896
5860.242,1.064789
5862.018,1.065971
5863.794,1.066126
5863.794,1.075693
5865.570,1.063869
5865.570,1.064126
5867.523,1.074200
5867.523,1.074511
5869.299,1.063815
5869.299,1.073173
5871.075,1.064275
5871.075,1.076051
5872.851,1.064174
5874.626,1.073687
5874.626,1.061910
5876.580,1.062424
5876.580,1.073018
5878.356,1.064174
5878.356,1.064018
5880.309,1.073896
5880.309,1.074254
5881.907,1.064484
5883.683,1.064532
5883.683,1.074045
5885.636,1.062322
5885.636,1.072247
5887.412,1.072355
5887.412,1.073997
5889.366,1.064896
5889.366,1.075998
5890.964,1.065667
5890.964,1.066437
5892.917,1.066951
5894.693,1.076929
5894.693,1.067822
5896.469,1.069471
5896.469,1.077801
5898.422,1.079085
5898.422,1.067930
5900.021,1.076673
5900.021,1.076565
5901.974,1.067470
5903.750,1.067512
5903.750,1.079085
5905.703,1.080477
5905.703,1.082429
5907.479,1.082841
5907.479,1.073072
5909.077,1.071274
5909.077,1.080578
5911.031,1.080423
5911.031,1.070498
5912.807,1.072301
5914.760,1.081868
5914.760,1.072098
5916.536,1.071065
5916.536,1.081868
5918.312,1.081707
5918.312,1.081868
5920.088,1.072451
5920.088,1.073072
5921.863,1.085206
5923.817,1.084693
5923.817,1.084949
5925.593,1.083200
5925.593,1.083665
5927.369,1.072707
5927.369,1.072247
5929.144,1.070139
5929.144,1.081044
5931.098,1.070295
5932.874,1.070964
5932.874,1.071220
5934.649,1.081450
5934.649,1.081760
5936.425,1.071477
5936.425,1.081098
5938.201,1.081098
5938.201,1.071113
5940.155,1.079342
5940.155,1.068593
5941.930,1.078524
5943.884,1.079396
5943.884,1.069936
5945.482,1.069984
5945.482,1.071274
5947.258,1.070755
5947.258,1.080680
5949.211,1.071423
5949.211,1.072194
5950.987,1.072140
5952.940,1.073125
5952.940,1.072247
5954.539,1.082788
5954.539,1.073125
5956.492,1.082125
5956.492,1.082274
5958.268,1.080733
5958.268,1.081301
5960.044,1.069059
5960.044,1.077335
5961.997,1.077544
5963.595,1.078416
5963.595,1.068079
5965.549,1.077335
5965.549,1.076619
5967.325,1.076822
5967.325,1.075227
5969.101,1.074666
5969.101,1.065565
5971.054,1.067416
5972.652,1.077132
5972.652,1.067255
5974.606,1.077186
5974.606,1.068390
5976.381,1.076469
5976.381,1.076929
5978.335,1.065822
5978.335,1.075024
5980.111,1.073740
5980.111,1.072504
5981.709,1.061707
5983.662,1.061600
5983.662,1.070038
5985.438,1.070707
5985.438,1.061451
5987.392,1.061809
5987.392,1.059701
5989.167,1.067619
5989.167,1.057127
5990.943,1.057025
5992.719,1.056870
5992.719,1.057229
5994.495,1.058775
5994.495,1.068903
5996.448,1.069781
5996.448,1.060214
5998.224,1.069011
5998.224,1.070086
6000.000,1.061397
6000.000,1.060370
6001.776,1.067930
6003.729,1.058984
6003.729,1.067876
6005.505,1.059289
6005.505,1.058775
6007.281,1.068802
6007.281,1.058566
6009.057,1.057903
6009.057,1.058160
6010.833,1.068031
6012.786,1.068647
6012.786,1.068240
6014.562,1.069011
6014.562,1.058930
6016.515,1.069781
6016.515,1.068802
6018.113,1.067775
6018.113,1.058208
6019.889,1.057127
6021.843,1.057903
6021.843,1.060011
6023.619,1.071579
6023.619,1.072044
6025.572,1.071065
6025.572,1.072044
6027.170,1.071788
6027.170,1.059080
6029.124,1.058566
6029.124,1.069883
6030.899,1.069829
6032.675,1.061910
6032.675,1.070856
6034.629,1.069369
6034.629,1.068856
6036.227,1.058363
6036.227,1.068031
6038.180,1.058417
6038.180,1.058823
6039.956,1.068856
6041.910,1.059289
6041.910,1.059755
6043.685,1.058053
6043.685,1.058208
6045.284,1.058620
6045.284,1.059241
6047.237,1.069984
6047.237,1.070964
6049.013,1.071680
6049.013,1.072612
6050.966,1.061242
6052.742,1.072247
6052.742,1.061552
6054.518,1.070910
6054.518,1.072098
6056.294,1.072403
6056.294,1.061343
6058.070,1.071734
6058.070,1.069674
6060.023,1.070038
6061.799,1.070599
6061.799,1.070910
6063.575,1.060011
6063.575,1.069268
6065.351,1.069936
6065.351,1.070086
6067.126,1.070396
6067.126,1.060674
6069.080,1.072247
6069.080,1.062221
6070.856,1.072916
6072.631,1.073018
6072.631,1.072098
6074.407,1.060268
6074.407,1.070450
6076.361,1.069984
6076.361,1.060573
6078.137,1.072247
6078.137,1.062788
6079.912,1.064275
6081.688,1.075180
6081.688,1.074714
6083.464,1.065356
6083.464,1.064586
6085.417,1.066335
6085.417,1.067930
6087.193,1.078315
6087.193,1.069160
6089.147,1.069160
6090.745,1.069417
6090.745,1.068336
6092.521,1.077288
6092.521,1.077592
6094.474,1.078010
6094.474,1.077801
6096.250,1.068187
6096.250,1.078213
6098.203,1.078673
6098.203,1.078267
6099.802,1.079139
6101.755,1.079396
6101.755,1.079294
6103.531,1.078315
6103.531,1.069214
6105.307,1.078267
6105.307,1.068133
6107.260,1.068288
6107.260,1.079396
6108.858,1.078470
6110.812,1.078625
6110.812,1.069727
6112.588,1.079963
6112.588,1.078828
6114.541,1.069524
6114.541,1.078828
6116.317,1.069829
6116.317,1.070450
6117.915,1.081354
6117.915,1.082071
6119.869,1.082638
6121.644,1.083869
6121.644,1.084591
6123.598,1.074923
6123.598,1.075795
6125.374,1.074565
6125.374,1.083307
6127.149,1.081402
6127.149,1.082274
6128.925,1.081247
6130.701,1.081916
6130.701,1.071734
6132.655,1.081916
6132.655,1.070707
6134.430,1.071274
6134.430,1.080369
6136.206,1.080883
6136.206,1.068903
6137.982,1.081504
6137.982,1.070808
6139.935,1.079963
6141.711,1.068133
6141.711,1.066646
6143.487,1.067363
6143.487,1.076673
6145.263,1.066694
6145.263,1.077443
6147.039,1.067673
6147.039,1.077753
6148.992,1.077592
6150.768,1.079037
6150.768,1.079855
6152.721,1.079909
6152.721,1.079085
6154.320,1.079193
6154.320,1.071274
6156.096,1.071477
6156.096,1.072612
6158.049,1.073430
6159.825,1.072916
6159.825,1.082429
6161.778,1.081659
6161.778,1.081139
6163.376,1.082531
6163.376,1.071113
6165.152,1.070755
6165.152,1.069781
6167.106,1.069936
6167.106,1.081504
6168.882,1.071017
6170.835,1.079193
6170.835,1.070551
6172.433,1.080626
6172.433,1.070653
6174.387,1.071477
6174.387,1.083821
6176.162,1.072815
6176.162,1.082531
6177.938,1.073585
6179.892,1.084436
6179.892,1.085158
6181.490,1.077186
6181.490,1.077544
6183.443,1.077956
6183.443,1.089219
6185.219,1.080220
6185.219,1.090402
6187.173,1.079193
6187.173,1.089064
6188.948,1.079342
6190.547,1.078936
6190.547,1.079652
6192.500,1.081098
6192.500,1.089625
6194.276,1.089625
6194.276,1.081044
6196.229,1.092253
6196.229,1.090760
6198.005,1.081504
6199.781,1.081301
6199.781,1.089882
6201.557,1.090449
6201.557,1.080220
6203.333,1.082328
6203.333,1.093591
6205.286,1.095286
6205.286,1.085821
6207.062,1.096672
6207.062,1.086956
6208.838,1.098111
6210.614,1.098732
6210.614,1.099300
6212.567,1.090658
6212.567,1.089422
6214.343,1.098475
6214.343,1.097705
6216.119,1.087010
6216.119,1.096415
6217.894,1.097651
6219.670,1.086902
6219.670,1.095442
6221.624,1.085773
6221.624,1.094618
6223.400,1.084179
6223.400,1.095131
6225.353,1.095442
6225.353,1.083253
6226.951,1.082017
6226.951,1.082173
6228.727,1.081868
6230.680,1.080841
6230.680,1.081450
6232.456,1.082382
6232.456,1.093334
6234.410,1.084125
6234.410,1.091787
6236.008,1.082220
6236.008,1.091787
6237.961,1.089112
6239.737,1.078882
6239.737,1.089016
6241.513,1.088240
6241.513,1.078267
6243.466,1.087882
6243.466,1.086902
6245.065,1.087368
6247.018,1.077700
6248.794,1.078781
6248.794,1.087266
6250.747,1.086030
6250.747,1.088550
6252.523,1.089936
6252.523,1.078984
6254.121,1.087673
6254.121,1.078882
6256.075,1.088192
6256.075,1.087368
6257.851,1.076929
6259.804,1.088037
6259.804,1.076051
6261.580,1.087523
6261.580,1.087266
6263.178,1.086753
6263.178,1.087010
6265.132,1.076876
6265.132,1.078010
6266.907,1.077646
6268.861,1.087416
6268.861,1.078781
6270.637,1.079497
6270.637,1.082382
6272.412,1.083713
6272.412,1.083922
6274.188,1.093644
6274.188,1.094104
6275.964,1.093997
6275.964,1.083612
6277.918,1.082997
6279.693,1.093591
6279.693,1.083821
6281.469,1.084334
6281.469,1.094725
6283.245,1.084436
6283.245,1.084281
6285.198,1.085875
6285.198,1.097191
6286.974,1.096111
6288.750,1.096111
6288.750,1.085821
6290.526,1.096881
6290.526,1.096367
6292.302,1.096570
6292.302,1.095185
6294.255,1.085773
6294.255,1.094206
6296.031,1.092456
6296.031,1.092253
6297.984,1.082740
6299.583,1.083564
6299.583,1.084334
6301.359,1.095077
6301.359,1.094982
6303.312,1.085361
6303.312,1.085929
6305.088,1.086854
6305.088,1.088598
6307.041,1.089577
6308.639,1.089990
6308.639,1.098475
6310.593,1.099706
6310.593,1.089530
6312.369,1.090246
6312.369,1.091070
6314.144,1.102793
6314.144,1.104286
6316.098,1.096057
6317.696,1.095286
6317.696,1.105468
6319.650,1.104698
6319.650,1.094821
6321.425,1.103820
6321.425,1.103928
6323.379,1.094158
6323.379,1.093740
6325.155,1.105367
6325.155,1.095388
6326.753,1.095077
6328.706,1.105468
6328.706,1.105009
6330.482,1.103360
6330.482,1.092766
6332.436,1.093644
6332.436,1.093334
6334.211,1.093077
6334.211,1.091787
6335.987,1.101199
6337.763,1.100482
6337.763,1.099962
6339.539,1.091787
6339.539,1.102178
6341.492,1.092563
6341.492,1.090557
6343.268,1.100124
6343.268,1.091638
6345.044,1.092456
6345.044,1.094206
6346.820,1.105313
6348.773,1.093537
6348.773,1.093740
6350.549,1.094725
6350.549,1.095752
6352.325,1.105367
6352.325,1.106651
6354.101,1.107881
6354.101,1.097962
6355.877,1.107529
6357.830,1.106854
6357.830,1.105056
6359.606,1.096158
6359.606,1.093740
6361.559,1.093023
6361.559,1.093077
6363.157,1.094821
6363.157,1.107218
6364.933,1.098320
6364.933,1.099043
6366.887,1.110096
6368.663,1.107988
6368.663,1.098368
6370.616,1.098577
6370.616,1.108813
6372.214,1.106854
6372.214,1.097854
6373.990,1.108191
6373.990,1.098320
6375.943,1.108096
6377.719,1.108138
6377.719,1.097854
6379.673,1.108657
6379.673,1.098678
6381.271,1.108705
6381.271,1.097036
6383.224,1.098063
6383.224,1.099503
6385.000,1.098165
6386.776,1.108657
6386.776,1.098625
6388.729,1.109995
6388.729,1.100685
6390.328,1.099556
6390.328,1.108813
6392.281,1.110198
6392.281,1.100380
6394.057,1.099556
6394.057,1.096672
6396.010,1.097395
6397.786,1.097598
6397.786,1.097753
6399.384,1.105880
6399.384,1.095800
6401.338,1.106191
6401.338,1.105725
6403.114,1.096158
6403.114,1.096212
6405.067,1.105313
6406.843,1.096057
6406.843,1.095699
6408.619,1.106083
6408.619,1.096158
6410.395,1.095496
6410.395,1.105056
6412.170,1.095591
6412.170,1.105624
6414.124,1.106083
6415.900,1.105212
6417.675,1.103671
6417.675,1.093023
6419.451,1.092151
6419.451,1.092354
6421.405,1.101867
6421.405,1.091841
6423.181,1.101969
6423.181,1.099759
6424.956,1.090915
6426.732,1.092510
6426.732,1.091017
6428.508,1.101563
6428.508,1.090814
6430.461,1.091327
6430.461,1.091172
6432.237,1.091638
6432.237,1.091841
6434.191,1.101408
6434.191,1.091327
6435.789,1.090963
6437.565,1.101043
6437.565,1.101611
6439.518,1.101867
6439.518,1.102124
6441.294,1.092307
6441.294,1.102793
6443.247,1.103414
6443.247,1.102226
6444.846,1.091686
6446.799,1.091220
6446.799,1.100171
6448.575,1.097651
6448.575,1.087828
6450.351,1.097753
6450.351,1.098935
6452.304,1.099503
6452.304,1.089016
6453.902,1.099401
6453.902,1.088138
6455.856,1.096726
6457.632,1.085415
6457.632,1.085564
6459.585,1.096367
6459.585,1.088085
6461.361,1.098678
6461.361,1.099706
6462.959,1.099658
6462.959,1.099246
6464.913,1.089733
6466.688,1.089321
6466.688,1.089733
6468.642,1.099353
6468.642,1.099449
6470.418,1.100428
6470.418,1.090658
6472.016,1.089882
6472.016,1.100273
6473.969,1.092151
6475.745,1.091124
6475.745,1.100786
6477.699,1.090814
6477.699,1.101151
6479.474,1.091482
6479.474,1.091996
6481.250,1.090449
6481.250,1.089368
6483.026,1.087780
6483.026,1.087314
6484.802,1.088497
6486.755,1.097651
6486.755,1.088037
6488.531,1.086902
6488.531,1.088395
6490.307,1.087882
6490.307,1.086956
6492.083,1.096726
6492.083,1.095800
6494.036,1.096111
6495.812,1.085415
6495.812,1.093794
6497.588,1.081916
6497.588,1.092199
6499.364,1.093226
6499.364,1.092665
6501.139,1.083307
6501.139,1.082274
6503.093,1.094158
6503.093,1.083307
6504.869,1.092665
6506.822,1.080883
6506.822,1.089787
6508.420,1.078315
6508.420,1.080274
6510.196,1.091172
6510.196,1.083152
6512.150,1.093334
6512.150,1.083665
6513.925,1.095131
6515.879,1.093591
6515.879,1.095286
6517.477,1.086078
6519.431,1.096935
6519.431,1.088449
6521.206,1.089422
6521.206,1.090354
6522.982,1.100637
6522.982,1.100786
6524.936,1.099503
6526.534,1.089530
6526.534,1.090139
6528.487,1.091787
6528.487,1.101509
6530.263,1.090867
6530.263,1.090503
6532.217,1.097138
6532.217,1.096057
6533.992,1.095239
6535.591,1.095185
6535.591,1.095800
6537.544,1.094618
6537.544,1.083922
6539.320,1.092510
6539.320,1.093591
6541.273,1.083253
6541.273,1.083510
6543.049,1.093591
6544.825,1.083922
6544.825,1.083713
6546.601,1.095496
6546.601,1.093226
6548.377,1.081247
6548.377,1.082382
6550.330,1.092199
6550.330,1.082173
6552.106,1.081044
6552.106,1.081247
6553.882,1.081916
6555.658,1.090193
6555.658,1.090139
6557.611,1.091017
6557.611,1.092044
6559.387,1.092922
6559.387,1.081402
6561.163,1.089882
6561.163,1.078524
6562.938,1.089679
6564.714,1.079085
6564.714,1.078727
6566.668,1.088753
6566.668,1.088192
6568.443,1.086239
6568.443,1.084693
6570.219,1.085415
6570.219,1.085511
6571.995,1.074200
6571.995,1.084537
6573.771,1.075335
6575.724,1.084848
6575.724,1.075538
6577.500,1.085158
6577.500,1.086132
6579.454,1.074923
6579.454,1.075389
6581.052,1.087469
6581.052,1.079396
6582.828,1.088807
6584.781,1.078160
6584.781,1.077079
6586.557,1.079294
6586.557,1.078625
6588.510,1.089787
6588.510,1.077753
6590.109,1.087726
6590.109,1.076511
6592.062,1.087368
6592.062,1.088395
6593.838,1.077497
6595.614,1.075950
6595.614,1.075335
6597.567,1.087159
6597.567,1.077801
6599.165,1.077801
6599.165,1.087983
6601.119,1.077031
6601.119,1.077700
6602.895,1.077753
6604.848,1.076929
6604.848,1.087010
6606.624,1.086496
6606.624,1.087159
6608.222,1.087523
6608.222,1.087625
6610.176,1.075902
6610.176,1.086287
6611.951,1.075180
6613.905,1.077389
6613.905,1.086442
6615.681,1.075180
6615.681,1.084645
6617.456,1.075180
6617.456,1.084997
6619.232,1.087368
6619.232,1.078058
6621.008,1.076822
6621.008,1.087983
6622.961,1.079085
6624.737,1.077903
6624.737,1.088598
6626.513,1.088753
6626.513,1.078524
6628.289,1.077956
6628.289,1.079652
6630.242,1.079808
6630.242,1.089840
6632.018,1.090193
6633.794,1.078572
6633.794,1.078010
6635.570,1.080578
6635.570,1.089321
6637.346,1.078984
6637.346,1.088192
6639.299,1.078267
6639.299,1.088550
6641.075,1.089165
6641.075,1.079139
6643.028,1.080787
6644.627,1.090043
6644.627,1.078727
6646.402,1.090658
6646.402,1.091273
6648.356,1.080883
6648.356,1.091739
6650.132,1.091017
6650.132,1.091895
6652.085,1.083098
6653.683,1.094468
6653.683,1.095699
6655.637,1.098529
6655.637,1.097084
6657.413,1.098063
6657.413,1.086645
6659.188,1.097807
6659.188,1.087882
6661.142,1.096523
6661.142,1.086902
6662.740,1.097084
6664.694,1.086078
6664.694,1.086442
6666.469,1.087625
6666.469,1.086186
6668.245,1.095388
6668.245,1.097962
6670.199,1.086753
6670.199,1.086442
6671.797,1.087111
6673.750,1.097084
6673.750,1.096935
6675.526,1.085929
6675.526,1.095334
6677.480,1.092969
6677.480,1.083253
6679.255,1.083456
6679.255,1.094253
6680.854,1.095030
6680.854,1.094361
6682.807,1.093435
6684.583,1.083869
6684.583,1.094982
6686.536,1.085929
6686.536,1.085361
6688.312,1.083821
6688.312,1.085158
6690.088,1.084794
6690.088,1.084848
6691.864,1.084794
6693.640,1.095902
6693.640,1.097598
6695.593,1.086544
6695.593,1.085511
6697.369,1.083922
6697.369,1.094928
6699.145,1.086030
6699.145,1.097651
6700.920,1.088449
6702.874,1.088240
6702.874,1.089476
6704.650,1.099706
6704.650,1.100380
6706.426,1.099503
6706.426,1.089530
6708.201,1.088807
6708.201,1.087625
6709.977,1.098840
6709.977,1.099096
6711.931,1.088855
6713.706,1.088598
6713.706,1.088807
6715.660,1.087523
6715.660,1.097239
6717.258,1.084693
6717.258,1.095077
6719.034,1.085051
6719.034,1.084740
6720.987,1.083922
6722.763,1.094050
6722.763,1.082943
6724.717,1.083355
6724.717,1.081659
6726.315,1.090658
6726.315,1.082071
6728.268,1.081707
6728.268,1.081247
6730.044,1.080578
6730.044,1.090611
6731.820,1.081916
6733.773,1.082788
6733.773,1.093591
6735.372,1.082274
6735.372,1.092354
6737.325,1.090760
6737.325,1.089625
6739.101,1.087571
6739.101,1.087828
6741.054,1.088497
6742.830,1.088598
6742.830,1.079652
6744.428,1.090402
6744.428,1.081450
6746.382,1.081354
6746.382,1.082382
6748.158,1.082483
6748.158,1.093794
6750.111,1.093483
6750.111,1.094671
6751.887,1.095185
6753.663,1.095334
6753.663,1.096672
6755.438,1.097753
6755.438,1.087111
6757.214,1.087469
6757.214,1.097293
6759.168,1.086645
6759.168,1.096672
6760.944,1.087057
6762.719,1.094821
6762.719,1.093847
6764.495,1.084848
6764.495,1.095645
6766.271,1.097138
6766.271,1.097293
6768.224,1.097448
6768.224,1.096523
6770.000,1.095955
6771.776,1.086442
6771.776,1.095699
6773.552,1.096266
6773.552,1.095239
6775.505,1.084693
6775.505,1.095800
6777.281,1.095854
6777.281,1.087523
6779.057,1.088341
6779.057,1.100273
6780.833,1.089882
6782.609,1.091220
6782.609,1.100428
6784.562,1.089990
6784.562,1.088909
6786.338,1.088341
6786.338,1.089936
6788.291,1.100685
6788.291,1.101043
6789.890,1.100840
6791.665,1.098320
6791.665,1.090402
6793.619,1.088449
6795.395,1.089064
6795.395,1.100995
6797.348,1.101766
6797.348,1.094361
6798.946,1.094821
6798.946,1.104029
6800.900,1.094415
6802.676,1.104752
6802.676,1.095239
6804.451,1.105468
6804.451,1.093997
6806.405,1.093692
6806.405,1.096266
6808.003,1.106394
6808.003,1.095645
6809.956,1.105212
6811.732,1.105212
6811.732,1.096158
6813.686,1.108299
6813.686,1.096779
6815.462,1.107839
6815.462,1.108705
6817.060,1.097598
6817.060,1.096672
6819.013,1.096779
6819.013,1.098786
6820.789,1.098475
6822.742,1.108138
6822.742,1.107785
6824.518,1.097341
6824.518,1.107732
6826.294,1.096469
6826.294,1.094253
6828.070,1.104799
6828.070,1.105468
6829.846,1.095442
6831.799,1.105522
6831.799,1.105827
6833.575,1.106752
6833.575,1.108866
6835.351,1.097138
6835.351,1.096624
6837.127,1.106448
6837.127,1.106961
6839.080,1.096779
6839.080,1.096881
6840.856,1.096523
6842.632,1.098165
6842.632,1.097496
6844.408,1.108609
6844.408,1.108042
6846.183,1.096726
6846.183,1.106651
6848.137,1.095955
6848.137,1.095442
6849.913,1.105779
6851.866,1.108245
6851.866,1.110968
6853.464,1.110765
6853.464,1.100995
6855.240,1.110968
6855.240,1.112204
6857.194,1.103981
6857.194,1.102644
6858.969,1.103468
6860.923,1.104752
6860.923,1.105056
6862.521,1.115292
6862.521,1.114934
6864.297,1.105522
6864.297,1.107015
6866.250,1.106340
6866.250,1.115907
6868.026,1.106239
6868.026,1.105880
6869.980,1.115805
6871.578,1.103820
6871.578,1.104698
6873.531,1.116421
6873.531,1.106292
6875.307,1.116164
6875.307,1.115035
6877.083,1.115805
6877.083,1.107881
6879.036,1.117245
6880.635,1.106854
6880.635,1.106137
6882.588,1.105880
6882.588,1.116576
6884.364,1.116839
6884.364,1.115704
6886.317,1.105570
6886.317,1.106036
6888.093,1.106495
6888.093,1.105982
6889.691,1.115495
6891.645,1.115758
6891.645,1.116839
6893.421,1.105880
6893.421,1.115495
6895.374,1.105313
6895.374,1.105265
6897.150,1.115393
6897.150,1.115238
6898.926,1.115805
6900.701,1.116934
6900.701,1.116988
6902.477,1.105415
6902.477,1.116367
6904.431,1.105934
6904.431,1.115853
6906.207,1.106340
6906.207,1.117191
6907.982,1.106651
6907.982,1.115238
6909.758,1.106239
6911.712,1.105265
6911.712,1.105570
6913.487,1.106292
6913.487,1.115340
6915.263,1.104286
6915.263,1.105570
6917.039,1.106806
6917.039,1.116839
6918.815,1.115805
6920.768,1.115650
6920.768,1.105934
6922.544,1.106239
6922.544,1.117609
6924.498,1.106704
6924.498,1.116271
6926.096,1.117400
6926.096,1.117245
6927.872,1.119150
6929.825,1.121467
6929.825,1.121616
6931.601,1.120792
6931.601,1.111124
6933.554,1.120846
6933.554,1.110305
6935.153,1.111225
6935.153,1.110508
6937.106,1.110252
6937.106,1.120225
6938.882,1.119866
6940.658,1.121204
6940.658,1.122130
6942.611,1.122028
6942.611,1.123312
6944.209,1.114569
6944.209,1.125366
6946.163,1.117191
6946.163,1.117137
6947.939,1.116934
6949.892,1.126865
6949.892,1.125784
6951.668,1.115549
6951.668,1.127940
6953.266,1.126811
6953.266,1.115137
6955.219,1.124136
6955.219,1.112981
6956.995,1.123724
6956.995,1.112157
6958.949,1.123826
6960.725,1.125318
6960.725,1.115340
6962.323,1.116014
6962.323,1.127068
6964.276,1.129224
6964.276,1.130466
6966.052,1.130048
6966.052,1.127940
6968.005,1.129021
6969.781,1.119711
6969.781,1.131953
6971.557,1.122494
6971.557,1.123109
6973.333,1.134987
6973.333,1.134933
6975.109,1.124190
6975.109,1.132568
6977.062,1.121467
6977.062,1.120947
6978.838,1.118636
6980.614,1.129021
6980.614,1.119765
6982.390,1.119197
6982.390,1.119609
6984.343,1.127325
6984.343,1.127223
6986.119,1.116677
6986.119,1.116062
6987.895,1.126190
6989.671,1.115340
6989.671,1.117448
6991.446,1.127582
6991.446,1.120075
6993.400,1.120075
6993.400,1.129224
6995.176,1.129947
6995.176,1.118069
6997.129,1.126041
6998.727,1.116110
6998.727,1.116731
7000.503,1.115704
7000.503,1.114569
7002.457,1.124291
7002.457,1.124853
7004.232,1.125217
7004.232,1.115853
7006.186,1.116110
7006.186,1.125217
7007.784,1.116319
7009.737,1.116421
7009.737,1.126447
7011.513,1.125217
7011.513,1.115137
7013.289,1.115805
7013.289,1.127426
7015.243,1.127839
7015.243,1.128149
7016.841,1.118122
7018.794,1.127839
7018.794,1.118224
7020.570,1.117400
7020.570,1.117555
7022.523,1.117095
7022.523,1.126811
7024.299,1.126811
7024.299,1.116110
7025.898,1.116110
7025.898,1.115137
7027.851,1.115907
7029.627,1.114671
7029.627,1.124393
7031.580,1.124082
7031.580,1.124805
7033.356,1.113799
7033.356,1.112772
7035.132,1.111995
7035.132,1.123413
7036.908,1.113900
7038.684,1.122589
7038.684,1.111691
7040.637,1.123210
7040.637,1.114366
7042.413,1.115961
7042.413,1.126137
7044.189,1.127271
7044.189,1.116988
7045.964,1.126758
7045.964,1.127014
7047.918,1.118893
7049.694,1.120386
7049.694,1.119042
7051.470,1.128663
7051.470,1.128818
7053.245,1.129224
7053.245,1.128764
7055.021,1.120535
7055.021,1.121926
7056.975,1.131899
7058.750,1.131696
7058.750,1.130818
7060.704,1.133595
7060.704,1.122697
7062.302,1.132055
7062.302,1.120434
7064.078,1.129994
7066.031,1.129994
7066.031,1.118839
7067.807,1.129331
7069.761,1.128149
7069.761,1.118582
7071.359,1.128764
7071.359,1.128042
7073.135,1.126913
7073.135,1.114880
7075.088,1.114778
7075.088,1.125109
7076.864,1.114778
7078.817,1.124596
7078.817,1.115083
7080.416,1.114981
7080.416,1.115758
7082.369,1.115853
7082.369,1.115083
7084.145,1.126352
7084.145,1.127223
7085.921,1.117352
7087.874,1.125987
7087.874,1.115758
7089.472,1.117501
7089.472,1.116271
7091.426,1.128352
7091.426,1.126608
7093.202,1.126190
7093.202,1.127271
7095.155,1.116677
7095.155,1.116474
7096.931,1.117042
7098.529,1.117448
7098.529,1.126190
7100.482,1.125575
7100.482,1.125730
7102.258,1.117501
7102.258,1.127122
7104.212,1.128663
7104.212,1.119353
7105.988,1.131075
7107.763,1.122130
7107.763,1.135865
7109.539,1.125987
7109.539,1.135500
7111.315,1.125730
7111.315,1.134837
7113.268,1.124757
7113.268,1.135912
7115.044,1.137608
7115.044,1.137865
7116.820,1.129385
7118.596,1.138898
7118.596,1.128609
7120.549,1.138898
7120.549,1.127325
7122.325,1.135757
7122.325,1.134784
7124.101,1.136378
7124.101,1.134575
7125.877,1.125838
7127.653,1.134784
7127.653,1.136068
7129.606,1.125366
7129.606,1.125109
7131.382,1.125163
7131.382,1.125880
7133.335,1.136635
7133.335,1.137148
7134.934,1.127122
7134.934,1.138791
7136.709,1.127839
7138.663,1.128149
7138.663,1.139507
7140.439,1.130980
7140.439,1.140385
7142.392,1.131284
7142.392,1.141777
7143.990,1.131643
7143.990,1.140540
7145.944,1.140899
7147.720,1.140749
7147.720,1.139669
7149.495,1.128818
7149.495,1.126811
7151.449,1.135912
7151.449,1.127223
7153.047,1.127122
7153.047,1.137967
7155.000,1.137041
7156.776,1.137608
7156.776,1.137561
7158.730,1.126501
7158.730,1.135865
7160.506,1.124650
7160.506,1.133852
7162.104,1.122589
7162.104,1.132365
7164.057,1.121873
7164.057,1.121670
7165.833,1.131589
7167.786,1.130872
7167.786,1.121359
7169.562,1.120899
7169.562,1.120075
7171.161,1.121562
7171.161,1.121413
7173.114,1.132777
7173.114,1.123622
7174.890,1.124082
7176.843,1.125987
7176.843,1.125623
7178.619,1.134933
7178.619,1.125217
7180.395,1.125575
7180.395,1.136121
7182.171,1.123264
7182.171,1.122589
7183.946,1.122494
7183.946,1.132825
7185.900,1.130412
7187.676,1.131493
7187.676,1.133034
7189.452,1.123778
7189.452,1.122900
7191.227,1.122028
7191.227,1.131852
7193.181,1.122183
7193.181,1.132723
7194.957,1.132055
7196.732,1.123157
7196.732,1.134013
7198.508,1.124136
7198.508,1.134527
7200.284,1.124447
7200.284,1.134109
7202.238,1.121926
7202.238,1.133189
7204.013,1.122852
7204.013,1.121819
7205.967,1.132055
7207.565,1.131643
7207.565,1.132568
7209.341,1.130723
7209.341,1.131332
7211.294,1.131541
7211.294,1.131589
7213.070,1.132007
7213.070,1.133135
7215.024,1.131852
7216.622,1.132932
7216.622,1.124393
7218.575,1.124393
7218.575,1.124447
7220.351,1.135703
7220.351,1.123826
7222.127,1.133804
7222.127,1.133494
7224.080,1.123157
7225.679,1.123413
7225.679,1.123622
7227.632,1.121049
7227.632,1.120995
7229.408,1.130771
7229.408,1.121723
7231.361,1.122183
7231.361,1.122130
7233.137,1.131439
7233.137,1.130203
7234.735,1.117913
7236.689,1.128663
7236.689,1.120386
7238.464,1.120123
7238.464,1.131541
7240.418,1.119150
7240.418,1.129176
7242.194,1.128818
7242.194,1.119562
7243.970,1.129535
7245.745,1.121359
7245.745,1.120899
7247.521,1.130872
7247.521,1.121467
7249.475,1.121413
7249.475,1.131643
7251.250,1.130872
7251.250,1.119251
7253.026,1.119920
7253.026,1.119609
7254.802,1.129690
7256.756,1.119711
7256.756,1.131493
7258.531,1.131075
7258.531,1.121305
7260.307,1.120434
7260.307,1.131386
7262.083,1.120899
7262.083,1.132879
7263.859,1.131750
7265.812,1.121670
7265.812,1.122285
7267.588,1.122494
7267.588,1.132670
7269.364,1.123055
7269.364,1.123778
7271.140,1.133595
7271.140,1.134527
7272.916,1.134527
7272.916,1.124960
7274.869,1.124805
7276.645,1.134527
7276.645,1.133494
7278.598,1.133804
7278.598,1.136169
7280.197,1.135960
7280.197,1.125987
7281.972,1.124960
7281.972,1.136838
7283.926,1.137662
7285.702,1.138176
7285.702,1.129481
7287.655,1.139872
7287.655,1.140642
7289.253,1.141520
7289.253,1.141878
7291.207,1.141932
7291.207,1.131541
7292.983,1.131643
7292.983,1.142702
7294.758,1.142290
7296.712,1.131332
7296.712,1.131541
7298.310,1.132156
7298.310,1.140797
7300.263,1.140797
7300.263,1.132622
7302.039,1.132879
7302.039,1.144189
7303.993,1.133960
7305.768,1.133595
7305.768,1.144810
7307.367,1.137250
7307.367,1.143837
7309.320,1.143932
7309.320,1.134784
7311.096,1.134933
7311.096,1.133595
7313.049,1.133757
7314.825,1.135142
7314.825,1.134527
7316.601,1.136068
7316.601,1.136169
7318.377,1.145891
7318.377,1.134837
7320.153,1.134575
7320.153,1.134933
7322.106,1.135243
7322.106,1.135094
7323.882,1.135608
7325.658,1.145581
7325.658,1.134837
7327.434,1.144398
7327.434,1.144350
7329.387,1.134527
7329.387,1.134575
7331.163,1.135865
7331.163,1.135608
7332.939,1.135912
7334.715,1.136993
7334.715,1.147074
7336.490,1.137041
7336.490,1.137196
7338.444,1.137453
7338.444,1.137405
7340.220,1.147844
7340.220,1.136378
7342.173,1.136223
7342.173,1.136581
7343.771,1.147790
7345.547,1.146865
7345.547,1.146249
7347.501,1.136068
7347.501,1.136939
7349.276,1.147689
7349.276,1.148465
7351.230,1.139722
7351.230,1.149438
7352.828,1.140182
7354.781,1.148925
7354.781,1.141723
7356.557,1.139412
7356.557,1.139304
7358.333,1.141209
7358.333,1.151755
7360.286,1.142595
7360.286,1.151803
7361.885,1.152836
7361.885,1.151648
7363.838,1.142804
7365.614,1.141669
7367.390,1.151493
7367.390,1.140749
7369.343,1.140899
7369.343,1.151493
7370.941,1.151337
7370.941,1.140439
7372.895,1.139669
7374.671,1.139101
7374.671,1.147432
7376.624,1.138689
7376.624,1.149438
7378.400,1.139872
7378.400,1.148722
7379.998,1.140331
7379.998,1.139722
7381.952,1.139615
7383.727,1.140182
7383.727,1.149492
7385.681,1.140385
7385.681,1.139770
7387.457,1.138588
7387.457,1.149492
7389.233,1.148304
7389.233,1.138020
7391.008,1.147587
7391.008,1.147480
7392.784,1.148465
7394.738,1.138385
7394.738,1.137095
7396.513,1.147945
7396.513,1.137608
7398.289,1.138331
7398.289,1.136223
7400.065,1.136426
7400.065,1.145939
7402.019,1.146608
7403.794,1.137196
7403.794,1.136480
7405.570,1.136378
7405.570,1.136939
7407.346,1.147330
7407.346,1.136892
7409.122,1.137967
7409.122,1.138689
7411.075,1.137608
7411.075,1.136426
7412.851,1.137608
7414.805,1.146405
7414.805,1.146608
7416.403,1.147993
7416.403,1.147641
7418.179,1.136068
7418.179,1.134622
7420.132,1.143932
7420.132,1.143270
7421.908,1.143216
7423.861,1.131332
7423.861,1.141263
7425.459,1.140540
7425.459,1.129331
7427.413,1.139872
7427.413,1.127426
7429.189,1.125784
7429.189,1.135912
7430.965,1.136480
7430.965,1.126447
7432.918,1.136223
7434.516,1.134109
7434.516,1.133906
7436.470,1.132365
7436.470,1.122183
7438.245,1.132622
7438.245,1.121102
7440.199,1.129791
7440.199,1.130305
7441.975,1.121670
7443.573,1.131750
7443.573,1.131541
7445.526,1.121413
7445.526,1.122183
7447.302,1.123569
7447.302,1.125217
7449.256,1.135811
7449.256,1.136939
7451.031,1.127170
7452.630,1.127379
7452.630,1.126758
7454.583,1.127528
7454.583,1.127325
7456.359,1.137865
7456.359,1.138480
7458.312,1.137764
7458.312,1.137608
7460.088,1.130251
7460.088,1.129899
7461.864,1.138844
7463.640,1.137865
7463.640,1.126811
7465.416,1.125420
7465.416,1.124393
7467.369,1.134622
7467.369,1.133757
7469.145,1.133339
7469.145,1.123981
7470.921,1.123157
7472.697,1.124853
7472.697,1.125109
7474.650,1.135960
7474.650,1.135500
7476.426,1.125062
7476.426,1.125109
7478.202,1.135243
7478.202,1.125730
7479.978,1.124906
7479.978,1.123879
7481.753,1.124136
7483.707,1.133757
7483.707,1.133392
7485.483,1.121926
7485.483,1.121723
7487.436,1.122237
7487.436,1.134270
7489.034,1.133082
7489.034,1.133237
7490.810,1.123055
7492.763,1.123055
7492.763,1.123521
7494.539,1.122900
7494.539,1.134109
7496.493,1.124393
7496.493,1.134061
7498.091,1.133494
7498.091,1.122237
7500.044,1.132007
7500.044,1.121467
7501.820,1.132980
7503.596,1.120846
7503.596,1.131541
7505.549,1.130723
7505.549,1.121204
7507.148,1.121926
7507.148,1.122440
7509.101,1.123109
7509.101,1.124393
7510.877,1.122130
7512.830,1.120643
7512.830,1.129176
7514.606,1.127582
7514.606,1.127223
7516.204,1.116839
7516.204,1.126041
7518.158,1.126656
7518.158,1.125677
7519.934,1.127379
7519.934,1.126865
7521.887,1.125677
7523.663,1.115340
7523.663,1.124238
7525.439,1.123670
7525.439,1.123312
7527.215,1.113542
7527.215,1.114157
7528.990,1.112670
7528.990,1.114880
7530.944,1.114981
7532.720,1.116110
7532.720,1.115805
7534.496,1.116624
7534.496,1.116880
7536.271,1.127170
7536.271,1.117448
7538.225,1.128304
7538.225,1.118272
7540.001,1.128710
7541.776,1.127994
7541.776,1.127737
7543.552,1.117448
7543.552,1.118738
7545.328,1.128609
7545.328,1.128454
7547.282,1.127528
7547.282,1.118427
7549.057,1.117657
7549.057,1.118785
7551.011,1.117501
7552.609,1.126501
7552.609,1.127683
7554.385,1.128663
7554.385,1.130203
7556.338,1.119508
7556.338,1.118994
7558.114,1.119305
7558.114,1.128251
7560.067,1.118326
7561.666,1.128454
7561.666,1.118326
7563.442,1.116934
7563.442,1.114725
7565.395,1.114414
7565.395,1.113029
7567.171,1.115596
7567.171,1.114778
7569.124,1.113590
7569.124,1.112563
7570.722,1.122386
7572.676,1.119042
7572.676,1.108962
7574.452,1.108042
7574.452,1.120177
7576.228,1.119663
7576.228,1.119454
7578.181,1.110305
7578.181,1.120021
7579.779,1.119508
7581.733,1.118481
7581.733,1.107785
7583.508,1.117657
7583.508,1.107732
7585.462,1.107421
7585.462,1.116988
7587.238,1.115907
7587.238,1.117352
7588.836,1.107320
7588.836,1.107881
7590.789,1.118224
7592.565,1.108813
7592.565,1.119920
7594.519,1.120589
7594.519,1.120386
7596.294,1.111739
7596.294,1.111434
7598.070,1.110867
7598.070,1.111589
7599.846,1.114468
7601.622,1.114265
7601.622,1.122440
7603.575,1.112617
7603.575,1.112157
7605.351,1.121771
7605.351,1.110305
7607.127,1.111482
7607.127,1.122798
7608.903,1.113029
7610.856,1.113029
7610.856,1.122130
7612.632,1.112157
7612.632,1.114109
7614.408,1.123312
7614.408,1.122900
7616.184,1.124136
7616.184,1.116576
7617.960,1.115083
7617.960,1.125677
7619.913,1.114569
7621.689,1.115137
7621.689,1.113900
7623.642,1.113029
7623.642,1.114934
7625.240,1.126190
7625.240,1.124853
7627.016,1.125474
7627.016,1.116934
7628.970,1.117866
7630.746,1.118529
7630.746,1.126447
7632.699,1.115907
7632.699,1.114826
7634.297,1.124703
7634.297,1.116677
7636.251,1.126704
7636.251,1.116677
7638.026,1.127122
7638.026,1.117657
7639.802,1.116731
7641.756,1.128663
7641.756,1.128764
7643.354,1.129690
7643.354,1.131953
7645.307,1.132264
7647.083,1.132108
7647.083,1.133494
7649.037,1.134270
7650.812,1.135865
7650.812,1.135912
7652.411,1.135190
7652.411,1.134879
7654.364,1.134270
7654.364,1.134784
7656.140,1.124757
7656.140,1.125880
7658.093,1.124703
7658.093,1.125677
7659.869,1.134013
7661.467,1.133189
7661.467,1.134163
7663.421,1.124339
7665.197,1.134879
7665.197,1.123981
7667.150,1.132622
7667.150,1.134527
7668.926,1.123312
7670.702,1.122589
7670.702,1.122386
7672.478,1.132108
7672.478,1.131899
7674.253,1.130203
7674.253,1.130872
7676.207,1.130771
7676.207,1.120225
7677.983,1.120947
7679.758,1.121926
7679.758,1.123879
7681.534,1.134527
7681.534,1.135703
7683.488,1.134676
7683.488,1.123569
7685.264,1.122130
7685.264,1.121252
7687.039,1.120643
7687.039,1.129481
7688.815,1.118529
7690.591,1.128609
7690.591,1.117609
7692.544,1.126501
7692.544,1.116731
7694.320,1.127068
7694.320,1.127122
7696.274,1.116367
7696.274,1.115238
7697.872,1.115447
7699.648,1.124548
7699.648,1.124596
7701.601,1.123366
7701.601,1.123724
7703.377,1.112509
7703.377,1.121771
7705.330,1.111177
7705.330,1.111643
7706.929,1.110305
7706.929,1.110508
7708.882,1.110252
7710.658,1.111124
7710.658,1.112413
7712.434,1.122494
7712.434,1.123622
7714.387,1.112252
7714.387,1.122798
7715.985,1.112820
7715.985,1.120899
7717.939,1.121413
7719.715,1.111333
7719.715,1.111948
7721.668,1.122333
7721.668,1.112509
7723.444,1.123007
7723.444,1.124238
7725.042,1.115190
7725.042,1.114522
7726.996,1.114157
7726.996,1.112927
7728.771,1.123622
7730.725,1.113954
7730.725,1.115035
7732.501,1.114313
7732.501,1.124447
7734.276,1.113590
7734.276,1.112981
7736.052,1.112670
7736.052,1.113590
7737.828,1.123007
7739.782,1.114623
7739.782,1.124494
7741.557,1.125318
7741.557,1.115393
7743.333,1.125318
7743.333,1.114778
7745.109,1.126399
7745.109,1.125987
7747.062,1.115805
7747.062,1.125838
7748.838,1.113644
7750.614,1.123007
7752.390,1.125838
7752.390,1.126704
7754.166,1.126447
7754.166,1.125838
7756.119,1.125987
7756.119,1.115137
7757.895,1.126244
7759.848,1.126447
7759.848,1.125366
7761.447,1.126137
7761.447,1.115495
7763.223,1.117352
7763.223,1.126352
7765.176,1.124805
7765.176,1.115961
7766.952,1.116880
7768.905,1.128251
7768.905,1.128507
7770.503,1.128818
7770.503,1.129481
7772.279,1.129535
7772.279,1.128454
7774.233,1.119609
7774.233,1.129385
7776.009,1.130872
7776.009,1.122954
7777.962,1.131953
7779.560,1.132825
7779.560,1.133034
7781.514,1.124291
7781.514,1.134879
7783.289,1.127170
7783.289,1.128149
7785.065,1.127528
7785.065,1.135960
7787.019,1.125318
7788.617,1.135912
7788.617,1.136378
7790.570,1.126811
7790.570,1.127068
7792.346,1.127014
7792.346,1.136169
7794.300,1.135608
7794.300,1.134837
7796.075,1.134366
7796.075,1.133446
7797.674,1.132467
7799.627,1.132311
7799.627,1.131236
7801.403,1.132413
7801.403,1.133082
7803.356,1.134879
7803.356,1.127325
7805.132,1.137967
7805.132,1.139770
7806.908,1.139925
7808.684,1.129535
7808.684,1.129122
7810.460,1.137817
7810.460,1.137304
7812.413,1.127528
7812.413,1.128197
7814.189,1.138122
7814.189,1.139048
7815.965,1.139155
7815.965,1.128561
7817.741,1.128406
7819.694,1.127528
7819.694,1.136223
7821.470,1.137919
7821.470,1.138844
7823.246,1.137453
7823.246,1.126913
7825.021,1.126704
7825.021,1.138074
7826.797,1.138331
7828.751,1.137865
7828.751,1.125474
7830.527,1.135757
7830.527,1.127379
7832.480,1.127271
7832.480,1.129433
7834.078,1.140952
7834.078,1.143013
7835.854,1.130562
7837.807,1.132467
7837.807,1.133757
7839.583,1.133446
7839.583,1.134784
7841.537,1.144864
7841.537,1.144810
7843.135,1.144960
7843.135,1.135554
7845.088,1.145736
7845.088,1.136169
7846.864,1.145169
7848.640,1.145479
7848.640,1.133906
7850.593,1.144350
7850.593,1.143526
7852.192,1.143783
7852.192,1.134318
7854.145,1.135190
7854.145,1.136892
7855.921,1.136068
7857.874,1.134730
7857.874,1.145479
7859.650,1.137250
7859.650,1.146966
7861.248,1.135500
7861.248,1.145013
7863.202,1.143729
7863.202,1.133034
7864.978,1.143473
7864.978,1.133034
7866.931,1.144040
7868.707,1.145527
7868.707,1.144189
7870.305,1.144446
7870.305,1.143783
7872.259,1.135554
7872.259,1.134676
7874.034,1.132670
7874.034,1.141932
7875.988,1.141878
7877.764,1.131750
7877.764,1.140493
7879.539,1.141777
7879.539,1.141824
7881.315,1.132311
7881.315,1.132210
7883.091,1.142135
7883.091,1.130872
7885.045,1.131284
7885.045,1.132365
7886.820,1.143108
7888.596,1.133082
7888.596,1.132365
7890.372,1.131852
7890.372,1.140952
7892.325,1.140588
7892.325,1.139979
7894.101,1.129224
7894.101,1.138994
7895.877,1.127635
7897.653,1.138223
7897.653,1.138480
7899.429,1.139669
7899.429,1.129947
7901.382,1.140236
7901.382,1.139304
7903.158,1.138689
7903.158,1.129738
7905.111,1.127940
7906.710,1.127940
7906.710,1.126244
7908.486,1.125366
7908.486,1.125014
7910.439,1.124650
7910.439,1.125109
7912.215,1.124650
7912.215,1.135656
7914.168,1.136683
7914.168,1.126865
7915.766,1.135703
7917.720,1.124703
7917.720,1.125420
7919.496,1.134527
7919.496,1.124650
7921.271,1.122494
7921.271,1.132980
7923.225,1.122494
7923.225,1.133804
7924.823,1.124650
7926.777,1.124393
7926.777,1.125109
7928.552,1.136324
7928.552,1.137196
7930.506,1.134837
7930.506,1.124596
7932.282,1.133703
7932.282,1.124393
7933.880,1.133906
7933.880,1.134366
7935.833,1.125575
7937.609,1.125217
7937.609,1.124339
7939.563,1.133548
7939.563,1.132210
7941.338,1.119920
7941.338,1.121102
7943.114,1.121359
7943.114,1.131493
7944.890,1.131696
7946.666,1.131750
7946.666,1.131332
7948.619,1.130251
7948.619,1.131798
7950.395,1.132055
7950.395,1.120643
7952.171,1.121723
7952.171,1.132520
7953.947,1.131439
7953.947,1.122852
7955.900,1.121413
7957.676,1.130615
7957.676,1.118994
7959.452,1.117812
7959.452,1.118224
7961.228,1.117609
7961.228,1.118122
7963.004,1.119663
7963.004,1.120123
7964.957,1.117298
7966.733,1.117704
7966.733,1.126656
7968.509,1.127223
7968.509,1.126704
7970.284,1.126555
7970.284,1.125109
7972.060,1.114880
7972.060,1.113954
7974.014,1.116319
7974.014,1.125271
7975.790,1.128406
7977.743,1.129278
7977.743,1.118994
7979.341,1.129122
7979.341,1.129588
7981.117,1.119508
7981.117,1.127994
7983.070,1.119711
7983.070,1.120481
7984.846,1.119866
7986.800,1.130412
7986.800,1.119818
7988.398,1.121252
7988.398,1.121980
7990.351,1.122494
7990.351,1.121926
7992.127,1.123055
7992.127,1.131899
7993.903,1.130562
7995.856,1.129278
7995.856,1.128764
7997.455,1.118326
7997.455,1.127170
7999.408,1.126961
7999.408,1.115035
8001.184,1.125420
8001.184,1.116367
8003.137,1.116934
8003.137,1.117191
8004.913,1.116839
8006.511,1.126656
8006.511,1.125880
8008.465,1.116271
8008.465,1.127892
8010.241,1.118224
8010.241,1.116014
8012.194,1.116421
8012.194,1.127994
8013.970,1.117812
8015.746,1.128149
8015.746,1.117352
8017.522,1.127325
8017.522,1.128149
8019.297,1.128818
8019.297,1.119663
8021.251,1.130203
8021.251,1.120481
8023.027,1.121562
8023.027,1.130872
8024.802,1.129481
8026.578,1.130251
8026.578,1.119562
8028.532,1.129331
8028.532,1.118326
8030.308,1.117095
8030.308,1.126244
8032.083,1.115083
8032.083,1.112509
8033.859,1.111995
8035.635,1.111536
8035.635,1.119968
8037.588,1.120535
8037.588,1.120995
8039.364,1.110765
8039.364,1.122076
8041.318,1.111995
8041.318,1.123007
8042.916,1.125880
8042.916,1.124035
8044.692,1.114211
8046.645,1.123366
8046.645,1.112873
8048.421,1.112103
8048.421,1.122900
8050.374,1.113238
8050.374,1.114880
8051.973,1.115596
8051.973,1.113853
8053.926,1.112981
8055.702,1.123826
8055.702,1.123413
8057.478,1.124291
8057.478,1.123413
8059.431,1.112670
8059.431,1.113751
8061.029,1.114522
8061.029,1.123312
8062.983,1.122386
8064.759,1.113751
8064.759,1.122237
8066.534,1.113697
8066.534,1.123879
8068.488,1.123724
8068.488,1.113238
8070.086,1.112617
8070.086,1.123521
8072.040,1.113900
8072.040,1.124190
8073.815,1.122798
8075.769,1.122285
8075.769,1.120535
8077.545,1.111900
8077.545,1.111536
8079.143,1.121670
8079.143,1.113441
8081.096,1.115495
8081.096,1.125987
8082.872,1.127014
8084.826,1.116839
8084.826,1.116576
8086.601,1.117555
8086.601,1.126298
8088.377,1.125366
8088.377,1.115853
8090.153,1.115650
8090.153,1.126041
8091.929,1.124393
8091.929,1.124190
8093.882,1.112563
8095.658,1.123264
8095.658,1.122697
8097.434,1.110968
8097.434,1.110096
8099.210,1.119609
8099.210,1.120075
8101.163,1.121252
8101.163,1.112413
8102.939,1.122589
8104.715,1.113441
8104.715,1.122798
8106.491,1.121723
8106.491,1.111948
8108.266,1.110765
8108.266,1.118941
8110.220,1.110455
8110.220,1.119968
8111.996,1.120332
8111.996,1.109738
8113.949,1.120481
8115.547,1.111022
8115.547,1.110921
8117.323,1.121102
8117.323,1.111995
8119.277,1.122589
8119.277,1.112670
8121.052,1.122697
8121.052,1.112927
8123.006,1.111386
8124.604,1.123007
8124.604,1.111995
8126.558,1.113130
8126.558,1.123933
8128.333,1.125880
8128.333,1.116014
8130.109,1.125109
8130.109,1.125014
8132.063,1.123109
8133.661,1.113441
8133.661,1.124393
8135.614,1.114008
8135.614,1.122130
8137.390,1.111900
8137.390,1.110150
8139.344,1.112306
8139.344,1.111846
8141.119,1.121204
8141.119,1.110921
8142.718,1.109272
8144.671,1.108448
8144.671,1.117961
8146.447,1.118994
8146.447,1.108042
8148.400,1.108299
8148.400,1.120481
8150.176,1.118529
8150.176,1.107839
8151.774,1.117400
8153.728,1.106495
8153.728,1.116217
8155.504,1.106854
8155.504,1.107015
8157.457,1.106854
8157.457,1.106191
8159.233,1.117095
8159.233,1.108705
8161.009,1.119197
8161.009,1.108609
8162.785,1.118427
8164.560,1.116731
8164.560,1.107320
8166.514,1.107881
8166.514,1.109272
8168.290,1.109893
8168.290,1.107421
8170.065,1.117448
8170.065,1.116731
8171.841,1.105725
8173.795,1.114725
8173.795,1.103104
8175.570,1.102691
8175.570,1.112670
8177.346,1.102691
8177.346,1.104286
8179.122,1.104495
8179.122,1.114211
8180.898,1.105415
8180.898,1.105158
8182.851,1.104799
8184.627,1.114211
8184.627,1.115137
8186.581,1.106495
8186.581,1.115907
8188.179,1.116474
8188.179,1.116319
8189.955,1.116110
8189.955,1.106083
8191.908,1.115137
8193.684,1.106394
8193.684,1.115190
8195.637,1.105313
8195.637,1.105624
8197.236,1.115907
8197.236,1.107218
8199.189,1.117555
8200.965,1.118015
8200.965,1.108556
8202.741,1.110198
8204.694,1.111022
8204.694,1.121049
8206.292,1.120075
8206.292,1.112617
8208.246,1.121723
8208.246,1.122386
8210.022,1.111948
8210.022,1.113387
8211.975,1.112981
8213.751,1.111225
8213.751,1.112772
8215.349,1.122954
8215.349,1.110968
8217.303,1.109583
8217.303,1.119406
8219.078,1.109893
8219.078,1.110712
8221.032,1.111536
8222.808,1.111739
8222.808,1.121252
8224.583,1.120434
8224.583,1.108502
8226.359,1.108353
8226.359,1.108962
8228.135,1.108866
8228.135,1.118684
8230.088,1.110664
8230.088,1.112157
8231.864,1.120995
8233.640,1.120690
8233.640,1.111846
8235.416,1.110305
8235.416,1.120846
8237.369,1.120995
8237.369,1.111846
8239.145,1.112772
8239.145,1.122852
8240.921,1.122494
8242.697,1.112670
8242.697,1.122900
8244.473,1.114109
8244.473,1.123467
8246.426,1.123312
8246.426,1.112306
8248.202,1.122589
8248.202,1.112772
8250.155,1.113900
8250.155,1.114826
8251.754,1.114211
8253.529,1.116988
8253.529,1.116785
8255.483,1.127683
8255.483,1.117758
8257.259,1.117501
8257.259,1.129481
8259.212,1.118015
8259.212,1.127480
8260.810,1.127271
8262.586,1.116217
8262.586,1.125366
8264.540,1.115190
8264.540,1.126758
8266.315,1.128149
8266.315,1.127426
8268.269,1.117609
8268.269,1.117812
8269.867,1.127582
8269.867,1.127122
8271.821,1.118481
8273.596,1.119096
8273.596,1.116217
8275.372,1.126555
8275.372,1.116785
8277.326,1.117400
8277.326,1.117042
8278.924,1.117555
8278.924,1.118272
8280.877,1.128352
8282.653,1.126758
8282.653,1.128507
8284.607,1.130156
8284.607,1.131027
8286.382,1.129642
8286.382,1.118994
8287.981,1.129690
8287.981,1.117555
8289.934,1.128304
8291.710,1.119251
8291.710,1.119765
8293.663,1.119251
8293.663,1.120177
8295.439,1.120846
8295.439,1.130980
8297.215,1.120535
8297.215,1.119920
8298.991,1.119968
8298.991,1.119609
8300.767,1.132210
8302.720,1.121508
8302.720,1.131899
8304.496,1.124339
8304.496,1.124906
8306.272,1.134013
8306.272,1.135351
8308.047,1.126244
8308.047,1.127480
8310.001,1.127785
8311.777,1.128406
8311.777,1.137608
8313.553,1.139412
8313.553,1.129535
8315.328,1.139722
8315.328,1.140284
8317.104,1.140385
8317.104,1.139466
8319.058,1.130102
8319.058,1.141777
8320.833,1.132777
8322.787,1.143216
8322.787,1.135040
8324.385,1.145378
8324.385,1.133548
8326.161,1.133339
8326.161,1.142756
8328.114,1.132777
8328.114,1.133703
8329.890,1.135243
8331.844,1.144912
8331.844,1.144446
8333.442,1.144297
8333.442,1.144864
8335.395,1.144655
8335.395,1.143622
8337.171,1.143676
8337.171,1.143108
8338.947,1.142756
8338.947,1.134676
8340.900,1.132825
8342.499,1.142445
8342.499,1.142033
8344.452,1.132670
8344.452,1.141156
8346.228,1.130615
8346.228,1.130562
8348.181,1.139304
8348.181,1.129331
8349.957,1.138432
8351.555,1.139251
8351.555,1.139615
8353.509,1.138331
8353.509,1.138534
8355.285,1.138020
8355.285,1.138844
8357.238,1.139203
8357.238,1.128251
8359.014,1.137919
8359.014,1.138689
8360.612,1.140899
8362.565,1.140540
8362.565,1.131075
8364.341,1.132055
8364.341,1.142392
8366.295,1.132777
8366.295,1.133189
8368.071,1.132365
8368.071,1.143783
8369.846,1.133034
8371.622,1.133034
8371.622,1.132825
8373.398,1.141824
8373.398,1.142595
8375.351,1.142135
8375.351,1.141520
8377.127,1.141621
8377.127,1.140696
8378.903,1.131183
8380.679,1.130466
8380.679,1.140439
8382.632,1.138946
8382.632,1.129331
8384.408,1.129278
8384.408,1.139412
8386.184,1.128818
8386.184,1.139048
8387.960,1.128197
8387.960,1.138432
8389.736,1.138331
8391.689,1.129535
8391.689,1.130102
8393.465,1.139203
8393.465,1.130359
8395.418,1.141777
8395.418,1.141209
8397.017,1.130562
8397.017,1.140851
8398.792,1.141108
8400.746,1.130156
8400.746,1.140128
8402.522,1.130615
8402.522,1.141311
8404.475,1.140540
8404.475,1.139358
8406.073,1.139722
8406.073,1.139979
8408.027,1.128149
8408.027,1.138331
8409.803,1.128454
8411.578,1.127839
8411.578,1.127014
8413.532,1.125838
8413.532,1.126608
8415.130,1.138176
8415.130,1.137148
8417.083,1.125838
8417.083,1.135960
8418.859,1.126447
8420.813,1.138331
8420.813,1.130203
8422.589,1.131541
8422.589,1.130818
8424.187,1.142392
8424.187,1.132879
8426.140,1.141466
8426.140,1.141006
8427.916,1.131953
8427.916,1.142905
8429.869,1.142445
8431.645,1.142852
8431.645,1.132055
8433.421,1.142959
8433.421,1.143365
8435.197,1.141669
8435.197,1.131236
8436.973,1.139561
8436.973,1.138534
8438.926,1.136784
8440.702,1.136736
8440.702,1.126555
8442.478,1.136480
8442.478,1.138277
8444.254,1.136635
8444.254,1.127271
8446.207,1.125838
8446.207,1.135811
8447.983,1.135399
8449.759,1.135656
8449.759,1.126137
8451.535,1.126656
8451.535,1.137710
8453.310,1.137662
8453.310,1.137148
8455.264,1.127426
8455.264,1.127582
8457.040,1.127940
8457.040,1.137967
8458.993,1.138534
8460.591,1.137919
8460.591,1.138331
8462.367,1.126608
8462.367,1.127014
8464.321,1.127068
8464.321,1.126041
8466.096,1.135656
8466.096,1.126298
8468.050,1.127068
8469.648,1.136683
8469.648,1.136581
8471.424,1.127325
8471.424,1.137764
8473.377,1.136271
8473.377,1.135243
8475.153,1.126656
8475.153,1.136271
8477.107,1.125163
8477.107,1.125880
8478.705,1.136121
8480.658,1.136121
8480.658,1.125271
8482.434,1.134163
8482.434,1.132777
8484.210,1.121467
8484.210,1.121049
8486.163,1.131750
8486.163,1.130359
8487.762,1.130669
8489.715,1.119454
8489.715,1.129690
8491.491,1.121204
8491.491,1.120535
8493.444,1.121413
8493.444,1.122285
8495.220,1.122333
8495.220,1.121562
8496.818,1.130466
8496.818,1.118170
8498.772,1.119711
8500.548,1.118427
8500.548,1.128406
8502.501,1.117555
8502.501,1.128095
8504.277,1.127635
8504.277,1.118069
8506.053,1.117501
8506.053,1.117913
8507.828,1.127839
8509.604,1.129021
8509.604,1.129075
8511.558,1.117812
8511.558,1.117866
8513.334,1.118738
8513.334,1.129738
8515.109,1.121156
8515.109,1.121980
8516.885,1.132825
8518.839,1.121562
8518.839,1.121980
8520.614,1.122697
8520.614,1.123670
8522.390,1.132825
8522.390,1.123981
8524.166,1.135040
8524.166,1.123981
8525.942,1.134730
8525.942,1.124596
8527.895,1.133494
8529.671,1.132723
8529.671,1.132108
8531.625,1.121819
8531.625,1.132413
8533.223,1.132055
8533.223,1.132932
8534.999,1.123622
8534.999,1.133595
8536.952,1.132670
8538.728,1.132210
8538.728,1.130818
8540.681,1.131852
8540.681,1.120995
8542.280,1.130723
8542.280,1.119711
8544.233,1.129433
8544.233,1.121508
8546.009,1.120947
8546.009,1.121562
8547.785,1.122852
8549.738,1.122285
8549.738,1.121305
8551.336,1.131284
8551.336,1.130466
8553.290,1.120589
8553.290,1.131236
8555.066,1.129738
8555.066,1.130305
8557.019,1.131183
8558.795,1.119711
8558.795,1.131589
8560.393,1.132055
8560.393,1.122333
8562.346,1.133082
8562.346,1.122643
8564.122,1.131852
8564.122,1.131798
8566.076,1.122386
8566.076,1.122798
8567.852,1.124238
8569.450,1.134163
8569.450,1.126811
8571.403,1.128406
8571.403,1.140749
8573.179,1.141311
8573.179,1.141006
8575.132,1.141568
8575.132,1.131236
8576.908,1.129642
8578.684,1.129122
8578.684,1.128454
8580.460,1.139304
8580.460,1.140385
8582.236,1.139872
8582.236,1.139669
8584.189,1.129791
8584.189,1.130412
8585.965,1.141263
8585.965,1.129433
8587.741,1.137865
8589.517,1.128095
8591.470,1.127994
8591.470,1.139048
8593.246,1.137507
8593.246,1.127940
8595.022,1.128149
8595.022,1.128967
8596.798,1.129021
8598.573,1.137095
8598.573,1.137041
8600.527,1.136993
8600.527,1.137817
8602.303,1.135865
8602.303,1.127635
8604.256,1.128197
8604.256,1.138946
8605.854,1.129331
8607.630,1.139155
8607.630,1.138994
8609.584,1.139925
8609.584,1.140749
8611.359,1.138534
8611.359,1.128967
8613.313,1.139507
8613.313,1.139979
8614.911,1.140851
8614.911,1.139722
8616.864,1.130359
8618.640,1.139925
8618.640,1.129075
8620.416,1.139101
8620.416,1.141209
8622.370,1.140439
8622.370,1.142290
8623.968,1.142547
8623.968,1.131589
8625.921,1.130818
8627.697,1.141878
8627.697,1.131798
8629.650,1.140952
8629.650,1.140588
8631.426,1.141108
8631.426,1.139872
8633.025,1.140385
8633.025,1.131027
8634.978,1.130615
8634.978,1.140439
8636.754,1.130102
8638.707,1.129690
8638.707,1.128663
8640.483,1.138641
8640.483,1.128507
8642.259,1.137865
8642.259,1.136324
8644.035,1.127480
8644.035,1.126447
8645.811,1.138223
8647.764,1.128095
8647.764,1.125987
8649.540,1.136784
8649.540,1.126399
8651.316,1.126298
8651.316,1.124339
8653.091,1.124339
8653.091,1.134676
8655.045,1.124447
8655.045,1.125677
8656.821,1.135351
8658.597,1.124650
8658.597,1.125109
8660.372,1.134061
8660.372,1.123007
8662.148,1.122333
8662.148,1.123312
8664.102,1.134366
8664.102,1.133703
8665.877,1.134109
8667.653,1.122589
8667.653,1.122494
8669.429,1.120792
8669.429,1.120481
8671.205,1.120995
8671.205,1.120643
8673.158,1.120278
8673.158,1.119968
8674.934,1.131284
8676.888,1.130771
8676.888,1.121873
8678.486,1.122900
8678.486,1.131386
8680.262,1.129738
8680.262,1.130771
8682.215,1.120332
8682.215,1.131075
8683.991,1.122130
8683.991,1.131899
8685.944,1.132670
8687.543,1.133392
8687.543,1.125163
8689.496,1.125163
8689.496,1.136324
8691.272,1.126865
8691.272,1.137507
8693.048,1.126758
8693.048,1.138122
8695.001,1.136635
8696.599,1.130251
8696.599,1.131643
8698.553,1.142595
8698.553,1.142547
8700.329,1.142236
8700.329,1.142135
8702.282,1.132879
8702.282,1.142959
8704.058,1.142290
8704.058,1.131493
8705.656,1.132777
8707.609,1.143013
8707.609,1.143837
8709.385,1.144446
8709.385,1.133034
8711.339,1.142290
8711.339,1.142702
8713.115,1.132311
8713.115,1.130412
8714.890,1.130359
8716.666,1.129994
8716.666,1.139048
8718.442,1.138432
8718.442,1.128561
8720.395,1.136068
8720.395,1.126137
8722.171,1.125217
8722.171,1.134270
8723.947,1.123312
8723.947,1.124494
8725.723,1.124238
8727.676,1.133189
8727.676,1.125527
8729.452,1.136121
8729.452,1.127014
8731.228,1.137919
8731.228,1.137507
8733.004,1.137919
8733.004,1.129845
8734.780,1.140696
8736.733,1.130980
8736.733,1.133446
8738.509,1.145222
8738.509,1.132777
8740.462,1.133189
8740.462,1.142702
8742.061,1.132365
8742.061,1.143365
8743.836,1.142493
8745.790,1.143216
8745.790,1.134879
8747.566,1.135656
8747.566,1.145270
8749.519,1.136223
8749.519,1.143526
8751.117,1.132365
8751.117,1.143837
8753.071,1.133852
8753.071,1.144703
8754.847,1.144810
8756.622,1.136121
8756.622,1.134318
8758.576,1.145121
8758.576,1.136480
8760.174,1.136068
8760.174,1.144810
8762.127,1.144703
8762.127,1.145682
8763.903,1.147020
8765.679,1.146865
8765.679,1.136271
8767.633,1.145425
8767.633,1.135656
8769.231,1.134419
8769.231,1.135811
8771.184,1.136271
8771.184,1.146966
8772.960,1.136378
8772.960,1.135912
8774.913,1.135243
8776.689,1.133852
8776.689,1.143365
8778.288,1.142236
8778.288,1.142648
8780.241,1.140284
8780.241,1.131386
8782.017,1.130305
8782.017,1.130102
8783.970,1.139979
8785.746,1.137710
8785.746,1.129278
8787.522,1.139872
8787.522,1.130562
8789.298,1.129791
8789.298,1.139615
8791.073,1.138588
8791.073,1.128352
8793.027,1.139203
8793.027,1.138737
8794.803,1.139251
8796.579,1.138020
8796.579,1.137041
8798.354,1.126704
8798.354,1.125420
8800.308,1.124548
8800.308,1.134987
8802.084,1.136068
8802.084,1.125784
8803.859,1.125474
8805.635,1.125987
8805.635,1.125318
8807.411,1.125730
8807.411,1.135500
8809.365,1.134933
8809.365,1.126244
8811.140,1.136121
8811.140,1.126399
8813.094,1.136271
8813.094,1.138122
8814.692,1.137352
8816.468,1.126352
8816.468,1.127480
8818.421,1.137148
8818.421,1.137507
8820.197,1.127379
8820.197,1.136892
8822.151,1.137148
8822.151,1.136683
8823.749,1.127325
8825.702,1.138737
8825.702,1.136736
8827.478,1.136324
8827.478,1.125318
8829.254,1.126501
8829.254,1.137041
8831.207,1.127582
8831.207,1.138737
8832.806,1.139466
8834.759,1.140642
8834.759,1.130466
8836.535,1.140493
8836.535,1.130818
8838.488,1.140075
8838.488,1.129535
8840.264,1.139358
8840.264,1.130156
8841.862,1.140385
8841.862,1.131493
8843.816,1.142804
8845.592,1.133757
8845.592,1.142959
8847.545,1.132568
8847.545,1.142648
8849.321,1.131541
8849.321,1.131643
8850.919,1.130872
8850.919,1.131129
8852.872,1.131284
8854.648,1.142081
8854.648,1.141980
8856.602,1.142959
8856.602,1.141878
8858.377,1.141054
8858.377,1.131075
8860.153,1.130818
8860.153,1.129738
8861.929,1.129642
8861.929,1.139048
8863.705,1.130251
8865.658,1.139251
8865.658,1.137710
8867.434,1.129690
8867.434,1.129791
8869.210,1.129535
8869.210,1.138432
8870.986,1.139507
8870.986,1.129845
8872.939,1.129331
8874.715,1.139615
8874.715,1.139722
8876.491,1.140540
8876.491,1.130251
8878.267,1.141006
8878.267,1.140851
8880.043,1.140385
8880.043,1.141878
8881.996,1.131027
8881.996,1.131643
8883.772,1.130872
8885.725,1.131332
8885.725,1.130562
8887.324,1.142033
8887.324,1.131953
8889.099,1.143574
8889.099,1.143783
8891.053,1.133703
8891.053,1.142648
8892.829,1.142081
8894.782,1.140385
8894.782,1.130048
8896.380,1.131493
8896.380,1.131899
8898.334,1.141669
8898.334,1.130508
8900.110,1.141263
8900.110,1.141878
8901.885,1.130048
8903.839,1.128507
8903.839,1.138534
8905.437,1.126961
8905.437,1.126501
8907.390,1.125730
8907.390,1.124190
8909.166,1.123826
8909.166,1.123981
8911.120,1.125623
8911.120,1.126095
8912.895,1.125271
8914.494,1.124906
8914.494,1.124757
8916.447,1.134987
8916.447,1.135040
8918.223,1.134622
8918.223,1.124291
8920.176,1.123622
8920.176,1.123312
8921.952,1.132007
8923.728,1.121670
8923.728,1.131386
8925.504,1.132670
8925.504,1.120846
8927.280,1.121413
8927.280,1.120947
8929.233,1.131129
8929.233,1.129075
8931.009,1.117137
8931.009,1.117555
8932.785,1.118839
8934.561,1.119765
8934.561,1.119042
8936.514,1.119305
8936.514,1.130771
8938.290,1.120386
8938.290,1.120021
8940.066,1.120123
8940.066,1.131183
8941.842,1.121670
8943.617,1.120792
8943.617,1.130508
8945.571,1.131236
8945.571,1.131183
8947.347,1.120792
8947.347,1.131696
8949.300,1.131798
8949.300,1.131750
8950.898,1.132007
8950.898,1.123007
8952.674,1.133852
8954.628,1.133034
8954.628,1.122183
8956.403,1.131541
8956.403,1.130771
8958.357,1.130926
8958.357,1.131386
8959.955,1.130102
8959.955,1.128818
8961.731,1.117137
8963.684,1.127892
8963.684,1.126447
8965.460,1.125271
8965.460,1.115292
8967.413,1.125420
8967.413,1.124960
8969.012,1.116474
8969.012,1.118170
8970.965,1.117095
8972.741,1.127839
8972.741,1.126704
8974.517,1.115190
8974.517,1.126865
8976.470,1.116880
8976.470,1.117400
8978.068,1.117812
8978.068,1.117501
8980.022,1.128095
8980.022,1.127122
8981.798,1.117245
8983.751,1.128095
8983.751,1.128454
8985.527,1.119305
8985.527,1.128561
8987.125,1.117812
8987.125,1.118738
8989.079,1.128967
8989.079,1.128251
8990.854,1.120021
8992.808,1.119042
8992.808,1.119406
8994.584,1.119663
8994.584,1.120225
8996.360,1.120225
8996.360,1.130359
8998.135,1.119765
8998.135,1.118015
8999.911,1.127785
8999.911,1.128197
9001.865,1.127839
9003.640,1.117758
9003.640,1.128818
9005.416,1.118529
9005.416,1.117555
9007.192,1.125730
9007.192,1.115758
9009.146,1.117245
9009.146,1.128352
9010.921,1.127839
9012.697,1.125784
9012.697,1.126913
9014.473,1.126137
9014.473,1.125623
9016.249,1.122900
9016.249,1.121204
9018.202,1.111643
9018.202,1.113184
9019.978,1.122751
9019.978,1.113751
9021.932,1.112873
9023.530,1.120792
9023.530,1.111792
9025.306,1.121413
9025.306,1.119920
9027.259,1.110150
9027.259,1.110664
9029.035,1.121508
9029.035,1.121723
9030.988,1.111536
9032.586,1.112724
9032.586,1.114522
9034.540,1.123879
9034.540,1.111333
9036.316,1.121926
9036.316,1.111124
9038.092,1.123467
9038.092,1.113954
9040.045,1.113130
9040.045,1.123879
9041.643,1.113076
9043.597,1.123264
9043.597,1.123210
9045.372,1.123521
9045.372,1.123157
9047.326,1.124339
9047.326,1.114265
9049.102,1.125474
9049.102,1.114211
9050.700,1.111846
9052.653,1.122440
9052.653,1.121771
9054.429,1.111124
9054.429,1.109840
9056.383,1.110043
9056.383,1.120021
9058.158,1.111846
9058.158,1.121156
9059.757,1.111536
9061.710,1.121873
9061.710,1.119711
9063.486,1.118785
9063.486,1.118170
9065.439,1.118684
9065.439,1.109481
9067.215,1.109583
9067.215,1.120075
9068.991,1.110455
9068.991,1.111333
9070.767,1.121467
9072.543,1.121771
9072.543,1.108962
9074.496,1.117191
9074.496,1.107015
9076.272,1.107624
9076.272,1.108914
9078.048,1.117352
9078.048,1.116474
9079.824,1.115704
9081.777,1.115961
9081.777,1.105265
9083.553,1.106961
9083.553,1.107529
9085.329,1.117400
9085.329,1.108138
9087.105,1.118636
9087.105,1.120075
9088.880,1.110043
9088.880,1.119508
9090.834,1.118994
9092.610,1.118427
9092.610,1.108245
9094.563,1.109637
9094.563,1.108657
9096.161,1.110353
9096.161,1.118738
9097.937,1.117555
9097.937,1.117501
9099.890,1.116677
9101.666,1.114880
9101.666,1.112306
9103.620,1.111995
9103.620,1.103050
9105.218,1.113333
9105.218,1.113238
9107.171,1.112413
9107.171,1.102279
9108.947,1.103104
9108.947,1.104184
9110.723,1.102387
9112.676,1.111076
9112.676,1.101043
9114.275,1.111434
9114.275,1.110508
9116.228,1.098320
9116.228,1.098529
9118.004,1.097395
9118.004,1.096570
9119.957,1.107272
9121.733,1.098368
9121.733,1.099962
9123.331,1.101969
9123.331,1.103307
9125.285,1.114468
9125.285,1.116217
9127.061,1.107624
9127.061,1.107732
9129.014,1.108299
9130.790,1.118170
9130.790,1.117961
9132.566,1.116934
9132.566,1.117812
9134.342,1.115853
9134.342,1.117191
9136.117,1.117191
9136.117,1.116988
9138.071,1.115961
9138.071,1.106854
9139.847,1.106961
9141.623,1.107320
9141.623,1.105725
9143.398,1.115035
9143.398,1.105880
9145.352,1.106961
9145.352,1.106549
9147.128,1.105671
9147.128,1.115805
9148.903,1.104131
9150.679,1.114109
9150.679,1.104387
9152.455,1.105827
9152.455,1.104853
9154.409,1.115907
9154.409,1.106704
9156.184,1.115961
9156.184,1.116271
9158.138,1.116576
9158.138,1.106908
9159.736,1.107576
9161.512,1.105982
9161.512,1.115907
9163.465,1.117042
9163.465,1.107063
9165.241,1.118893
9165.241,1.118636
9167.194,1.118272
9167.194,1.115083
9168.793,1.116164
9170.569,1.113900
9170.569,1.114468
9172.522,1.103205
9172.522,1.103510
9174.298,1.104752
9174.298,1.104543
9176.251,1.113441
9176.251,1.102644
9177.849,1.113441
9177.849,1.102124
9179.803,1.102996
9181.579,1.102691
9181.579,1.101921
9183.355,1.112103
9183.355,1.111948
9185.308,1.112981
9185.308,1.102178
9186.906,1.112981
9186.906,1.112873
9188.860,1.112360
9190.635,1.101766
9190.635,1.111643
9192.589,1.111995
9192.589,1.111643
9194.365,1.103307
9194.365,1.114157
9195.963,1.104752
9195.963,1.114778
9197.916,1.107732
9199.692,1.117245
9199.692,1.118069
9201.646,1.118839
9201.646,1.108191
9203.421,1.109326
9203.421,1.108042
9205.197,1.118069
9205.197,1.107272
9206.973,1.107218
9206.973,1.116934
9208.749,1.116271
9210.702,1.105671
9210.702,1.115704
9212.478,1.105522
9212.478,1.104853
9214.254,1.105415
9214.254,1.116880
9216.030,1.104077
9216.030,1.116319
9217.983,1.105725
9219.759,1.104901
9219.759,1.116164
9221.535,1.116677
9221.535,1.116988
9223.311,1.107320
9223.311,1.108353
9225.087,1.107732
9225.087,1.118738
9227.040,1.116988
9227.040,1.106394
9228.816,1.107421
9230.769,1.118893
9230.769,1.118738
9232.367,1.118582
9232.367,1.120643
9234.143,1.111589
9234.143,1.121723
9236.097,1.121413
9236.097,1.111589
9237.873,1.120278
9239.826,1.110150
9241.424,1.110610
9241.424,1.111434
9243.378,1.120643
9243.378,1.109272
9245.153,1.107881
9245.153,1.117137
9246.929,1.118785
9246.929,1.119150
9248.883,1.119508
9250.481,1.108502
9250.481,1.119866
9252.434,1.119609
9252.434,1.119663
9254.210,1.119150
9254.210,1.119096
9256.164,1.120278
9256.164,1.109840
9257.939,1.110407
9259.538,1.120481
9259.538,1.120947
9261.491,1.109893
9261.491,1.109481
9263.267,1.110610
9263.267,1.111076
9265.220,1.113184
9265.220,1.114313
9266.996,1.113184
9266.996,1.111995
9268.594,1.121467
9270.548,1.120643
9270.548,1.120021
9272.324,1.117609
9272.324,1.116934
9274.277,1.118893
9274.277,1.108299
9276.053,1.116421
9276.053,1.116988
9277.829,1.106549
9279.605,1.106651
9281.380,1.107576
9281.380,1.117657
9283.334,1.107785
9283.334,1.107839
9285.110,1.107732
9285.110,1.109529
9286.885,1.108914
9288.661,1.110043
9288.661,1.118785
9290.615,1.108448
9290.615,1.109326
9292.391,1.118839
9292.391,1.118893
9294.166,1.118427
9294.166,1.119150
9295.942,1.120690
9295.942,1.110150
9297.718,1.120792
9299.671,1.120481
9299.671,1.109529
9301.447,1.110921
9301.447,1.110562
9303.401,1.110305
9303.401,1.120643
9304.999,1.119818
9304.999,1.120386
9306.775,1.110562
9308.728,1.111076
9308.728,1.113853
9310.504,1.112724
9310.504,1.122542
9312.457,1.122285
9312.457,1.123210
9314.056,1.113238
9314.056,1.124238
9316.009,1.114313
9316.009,1.124805
9317.785,1.115495
9319.561,1.126555
9319.561,1.115907
9321.514,1.125730
9321.514,1.115704
9323.112,1.126041
9323.112,1.128304
9325.066,1.117704
9325.066,1.129535
9326.842,1.119609
9328.795,1.127635
9328.795,1.118941
9330.571,1.129278
9330.571,1.119353
9332.169,1.130615
9332.169,1.121508
9334.123,1.131696
9334.123,1.131075
9335.898,1.131493
9335.898,1.133291
9337.852,1.132879
9339.628,1.134216
9339.628,1.132932
9341.403,1.132467
9341.403,1.121467
9343.179,1.132723
9343.179,1.123569
9344.955,1.135190
9344.955,1.134676
9346.909,1.135399
9348.684,1.125318
9348.684,1.134879
9350.460,1.133082
9350.460,1.134163
9352.236,1.135243
9352.236,1.135094
9354.189,1.136121
9354.189,1.127785
9355.965,1.128304
9357.741,1.128919
9357.741,1.138689
9359.517,1.137967
9359.517,1.138588
9361.293,1.137405
9361.293,1.136838
9363.246,1.127785
9363.246,1.126447
9365.022,1.125420
9365.022,1.138074
9366.798,1.137250
9368.574,1.138176
9368.574,1.139412
9370.350,1.129994
9370.350,1.138432
9372.303,1.140749
9372.303,1.140588
9374.079,1.139818
9374.079,1.139203
9376.032,1.136324
9377.630,1.137250
9377.630,1.127014
9379.406,1.136635
9379.406,1.135142
9381.360,1.124906
9381.360,1.134270
9383.136,1.132825
9383.136,1.134318
9385.089,1.124393
9385.089,1.125217
9386.687,1.127426
9388.641,1.136271
9388.641,1.138277
9390.416,1.127426
9390.416,1.126399
9392.192,1.135447
9392.192,1.136784
9394.146,1.127223
9394.146,1.127271
9395.744,1.137250
9397.697,1.138122
9397.697,1.129122
9399.473,1.137817
9399.473,1.126501
9401.427,1.136378
9401.427,1.127122
9403.202,1.126704
9403.202,1.125474
9404.801,1.137608
9404.801,1.128352
9406.754,1.128764
9408.530,1.128251
9408.530,1.128919
9410.483,1.128251
9410.483,1.138074
9412.259,1.127170
9412.259,1.127379
9414.035,1.127122
9414.035,1.127426
9415.811,1.137865
9417.587,1.137764
9417.587,1.127635
9419.540,1.127582
9419.540,1.127528
9421.316,1.138791
9421.316,1.138385
9423.092,1.137764
9423.092,1.129535
9424.868,1.139615
9426.821,1.139155
9426.821,1.139101
9428.597,1.128149
9428.597,1.141669
9430.373,1.131953
9430.373,1.140540
9432.148,1.129642
9432.148,1.130508
9433.924,1.140952
9433.924,1.128561
9435.878,1.129176
9437.654,1.129535
9437.654,1.128764
9439.607,1.129738
9439.607,1.127068
9441.205,1.137764
9441.205,1.128454
9442.981,1.129791
9442.981,1.129535
9444.934,1.130926
9446.710,1.140899
9446.710,1.140284
9448.664,1.130926
9448.664,1.140284
9450.262,1.131643
9450.262,1.131129
9452.215,1.130305
9452.215,1.139507
9453.991,1.129791
9453.991,1.131129
9455.767,1.141263
9457.720,1.132264
9457.720,1.132210
9459.319,1.133034
9459.319,1.134270
9461.272,1.133906
9461.272,1.144243
9463.048,1.146405
9463.048,1.134575
9464.824,1.135500
9466.777,1.135243
9466.777,1.134837
9468.375,1.134318
9468.375,1.132777
9470.329,1.133649
9470.329,1.131899
9472.105,1.141156
9472.105,1.130562
9474.058,1.129845
9474.058,1.127785
9475.834,1.137095
9477.432,1.137352
9477.432,1.127683
9479.386,1.128197
9479.386,1.129947
9481.161,1.139770
9481.161,1.129791
9483.115,1.139770
9483.115,1.130048
9484.891,1.131027
9486.666,1.140797
9486.666,1.128967
9488.442,1.128042
9488.442,1.138020
9490.218,1.128352
9490.218,1.138385
9492.172,1.127940
9492.172,1.128197
9493.947,1.139251
9493.947,1.140284
9495.723,1.142033
9497.499,1.141311
9497.499,1.130412
9499.452,1.141466
9499.452,1.131852
9501.228,1.128764
9501.228,1.138534
9503.004,1.138074
9503.004,1.127785
9504.780,1.128352
9506.556,1.139155
9506.556,1.127737
9508.509,1.138277
9508.509,1.137967
9510.285,1.137561
9510.285,1.135912
9512.238,1.135447
9512.238,1.135500
9513.837,1.134837
9515.613,1.134419
9515.613,1.122237
9517.566,1.132055
9517.566,1.121156
9519.342,1.130359
9519.342,1.130771
9521.295,1.131332
9521.295,1.120643
9522.893,1.121359
9522.893,1.132108
9524.847,1.131027
9526.623,1.122028
9526.623,1.132365
9528.398,1.131589
9528.398,1.121049
9530.352,1.119609
9530.352,1.121616
9531.950,1.123826
9531.950,1.133494
9533.904,1.123264
9535.679,1.124136
9535.679,1.125527
9537.633,1.125366
9537.633,1.125838
9539.409,1.136527
9539.409,1.135399
9541.007,1.134837
9541.007,1.125838
9542.960,1.125838
9542.960,1.134527
9544.736,1.124339
9546.690,1.133237
9546.690,1.132723
9548.465,1.131027
9548.465,1.121204
9550.064,1.121508
9550.064,1.132210
9552.017,1.132210
9552.017,1.120332
9553.793,1.119508
9555.746,1.128967
9555.746,1.127994
9557.522,1.128866
9557.522,1.129433
9559.298,1.128609
9559.298,1.127122
9561.074,1.128609
9561.074,1.119663
9562.850,1.130412
9562.850,1.129947
9564.803,1.130723
9566.579,1.130562
9566.579,1.131129
9568.355,1.121670
9568.355,1.121156
9570.131,1.121359
9570.131,1.120738
9572.084,1.131332
9572.084,1.131236
9573.860,1.133548
9575.636,1.132568
9575.636,1.131852
9577.411,1.122237
9577.411,1.131183
9579.187,1.129535
9579.187,1.119454
9581.141,1.130818
9581.141,1.130669
9582.917,1.129690
9584.870,1.131236
9584.870,1.120332
9586.468,1.119866
9586.468,1.121252
9588.244,1.121252
9588.244,1.122028
9590.197,1.121980
9590.197,1.122183
9591.973,1.121252
9591.973,1.130466
9593.927,1.121049
9595.525,1.131075
9595.525,1.131750
9597.478,1.123569
9597.478,1.122440
9599.254,1.132932
9599.254,1.122751
9601.030,1.122643
9601.030,1.131236
9602.983,1.121873
9604.582,1.119150
9604.582,1.117191
9606.535,1.118015
9606.535,1.117913
9608.311,1.125623
9608.311,1.115704
9610.264,1.125366
9610.264,1.125623
9612.040,1.126555
9612.040,1.117961
9613.638,1.120075
9615.592,1.120177
9615.592,1.130203
9617.368,1.120021
9617.368,1.129791
9619.321,1.129947
9619.321,1.129791
9621.097,1.119406
9621.097,1.129481
9622.873,1.130412
9624.649,1.130305
9624.649,1.129791
9626.424,1.129994
9626.424,1.118379
9628.378,1.119150
9628.378,1.118785
9630.154,1.119353
9630.154,1.118427
9631.929,1.118994
9631.929,1.129224
9633.705,1.128406
9635.659,1.127839
9635.659,1.126608
9637.435,1.126704
9637.435,1.116014
9639.210,1.115704
9639.210,1.125784
9640.986,1.126608
9640.986,1.127223
9642.762,1.117609
9644.715,1.116528
9644.715,1.116164
9646.491,1.115805
9646.491,1.115393
9648.445,1.125987
9648.445,1.125420
9650.043,1.114934
9650.043,1.114056
9651.819,1.114008
9653.772,1.124082
9653.772,1.125987
9655.548,1.126555
9655.548,1.125109
9657.501,1.126352
9657.501,1.115650
9659.100,1.125420
9659.100,1.124906
9660.875,1.115447
9660.875,1.115549
9662.829,1.125163
9664.605,1.115238
9664.605,1.115190
9666.558,1.113954
9666.558,1.112927
9668.156,1.112306
9668.156,1.113590
9670.110,1.123157
9670.110,1.115190
9671.886,1.114366
9673.661,1.123879
9673.661,1.114008
9675.615,1.113799
9675.615,1.113387
9677.213,1.122183
9677.213,1.112204
9679.167,1.123109
9679.167,1.122589
9680.942,1.121670
9680.942,1.111225
9682.896,1.112467
9684.672,1.122954
9684.672,1.122900
9686.270,1.122643
9686.270,1.112772
9688.223,1.122237
9688.223,1.121562
9689.999,1.121819
9689.999,1.120075
9691.953,1.109684
9693.728,1.119251
9693.728,1.108914
9695.504,1.108705
9695.504,1.107785
9697.280,1.118893
9697.280,1.118941
9699.056,1.117501
9699.056,1.117298
9701.009,1.106549
9701.009,1.114671
9702.785,1.104901
9704.561,1.114623
9704.561,1.115704
9706.337,1.104334
9706.337,1.104077
9708.290,1.113542
9708.290,1.112563
9710.066,1.101354
9710.066,1.102124
9711.842,1.101151
9713.618,1.110150
9713.618,1.100428
9715.393,1.099503
9715.393,1.097908
9717.347,1.107678
9717.347,1.108914
9719.123,1.108962
9719.123,1.099353
9721.076,1.107785
9721.076,1.107988
9722.674,1.108657
9724.450,1.098577
9724.450,1.108705
9726.404,1.098881
9726.404,1.110043
9728.179,1.099096
9728.179,1.098577
9730.133,1.098063
9730.133,1.107529
9731.731,1.108299
9733.685,1.099138
9733.685,1.108191
9735.460,1.099503
9735.460,1.098475
9737.236,1.109684
9737.236,1.100171
9739.190,1.101969
9739.190,1.101611
9740.788,1.101252
9742.741,1.102387
9742.741,1.101509
9744.517,1.100482
9744.517,1.110043
9746.471,1.100327
9746.471,1.110562
9748.246,1.099962
9748.246,1.110043
9749.845,1.099759
9749.845,1.108657
9751.798,1.107785
9753.574,1.108245
9753.574,1.098165
9755.527,1.097651
9755.527,1.097191
9757.303,1.096415
9757.303,1.106036
9758.901,1.097138
9758.901,1.107063
9760.855,1.106854
9762.631,1.105624
9762.631,1.096266
9764.584,1.104853
9764.584,1.105009
9766.360,1.095030
9766.360,1.105570
9768.136,1.105671
9768.136,1.105624
9769.912,1.105367
9769.912,1.105110
9771.687,1.104286
9773.641,1.104334
9773.641,1.094725
9775.417,1.094361
9775.417,1.105624
9777.192,1.105468
9777.192,1.094982
9778.968,1.104495
9778.968,1.093692
9780.922,1.104441
9782.697,1.094361
9782.697,1.103307
9784.473,1.092665
9784.473,1.093901
9786.249,1.092151
9786.249,1.101766
9788.025,1.104286
9788.025,1.104387
9789.978,1.103671
9789.978,1.094415
9791.754,1.107015
9793.708,1.097496
9793.708,1.106448
9795.306,1.105725
9795.306,1.106908
9797.082,1.097395
9797.082,1.108813
9799.035,1.106908
9799.035,1.098577
9800.811,1.108138
9802.764,1.107218
9802.764,1.106806
9804.363,1.107624
9804.363,1.109786
9806.316,1.099138
9806.316,1.107935
9808.092,1.097239
9808.092,1.095902
9809.868,1.104955
9811.821,1.104799
9811.821,1.094468
9813.419,1.102793
9813.419,1.092766
9815.373,1.090706
9815.373,1.089422
9817.149,1.088497
9817.149,1.090043
9819.102,1.091841
9819.102,1.101664
9820.878,1.103253
9822.476,1.102691
9822.476,1.091996
9824.430,1.102226
9824.430,1.100942
9826.205,1.090611
9826.205,1.099353
9828.159,1.089936
9828.159,1.100482
9829.935,1.089476
9831.710,1.099962
9831.710,1.098678
9833.486,1.098786
9833.486,1.088652
9835.262,1.089016
9835.262,1.100273
9837.215,1.100894
9837.215,1.091273
9838.991,1.092563
9838.991,1.103104
9840.767,1.094050
9842.543,1.105313
9842.543,1.107063
9844.496,1.107624
9844.496,1.098165
9846.272,1.108096
9846.272,1.098625
9848.048,1.099401
9848.048,1.108705
9849.824,1.107935
9851.600,1.096367
9851.600,1.095131
9853.553,1.104590
9853.553,1.094671
9855.329,1.094725
9855.329,1.095185
9857.282,1.104495
9857.282,1.103510
9858.881,1.102644
9858.881,1.102333
9860.656,1.091482
9862.610,1.090611
9862.610,1.098111
9864.386,1.097084
9864.386,1.096779
9866.339,1.085773
9866.339,1.084591
9867.937,1.094307
9867.937,1.084794
9869.713,1.095902
9871.667,1.085875
9871.667,1.096523
9873.442,1.098320
9873.442,1.098219
9875.396,1.098732
9875.396,1.088909
9876.994,1.099192
9876.994,1.098368
9878.948,1.088294
9878.948,1.088598
9880.723,1.089112
9882.499,1.097854
9882.499,1.089165
9884.453,1.089530
9884.453,1.088652
9886.051,1.088240
9886.051,1.097753
9888.004,1.098475
9888.004,1.089787
9889.780,1.098422
9891.734,1.098219
9891.734,1.098368
9893.509,1.088598
9893.509,1.088294
9895.108,1.087523
9895.108,1.098577
9897.061,1.089165
9897.061,1.098422
9898.837,1.089422
9900.790,1.100894
9900.790,1.101455
9902.566,1.090611
9902.566,1.089577
9904.342,1.090867
9904.342,1.099706
9906.118,1.099556
9906.118,1.099867
9907.894,1.098881
9907.894,1.089016
9909.847,1.088706
9911.623,1.098625
9911.623,1.088962
9913.399,1.096624
9913.399,1.087159
9915.174,1.097962
9915.174,1.097807
9917.128,1.087368
9917.128,1.086186
9918.904,1.085821
9920.680,1.086801
9920.680,1.098625
9922.455,1.089733
9922.455,1.090611
9924.231,1.102948
9924.231,1.102482
9926.185,1.089990
9926.185,1.089787
9927.960,1.091429
9927.960,1.102387
9929.914,1.102793
9931.512,1.094206
9931.512,1.094415
9933.288,1.094415
9933.288,1.104334
9935.241,1.103414
9935.241,1.103468
9937.017,1.103414
9937.017,1.103617
9938.971,1.095286
9940.569,1.105110
9940.569,1.105265
9942.522,1.095496
9942.522,1.106292
9944.298,1.106752
9944.298,1.096570
9946.074,1.106394
9946.074,1.105779
9948.027,1.104387
9948.027,1.094468
9949.626,1.094253
9951.579,1.104334
9951.579,1.095854
9953.355,1.095388
9953.355,1.093794
9955.308,1.103468
9955.308,1.102482
9957.084,1.092766
9957.084,1.091584
9958.682,1.101354
9960.636,1.101712
9960.636,1.092253
9962.412,1.091686
9962.412,1.094415
9964.365,1.094307
9964.365,1.094671
9966.141,1.104441
9966.141,1.104184
9967.739,1.094050
9969.692,1.103050
9969.692,1.094773
9971.468,1.095334
9971.468,1.103414
9973.422,1.092820
9973.422,1.092199
9975.198,1.090867
9975.198,1.092408
9976.973,1.091327
9976.973,1.103050
9978.749,1.095699
9980.525,1.096881
9980.525,1.108502
9982.478,1.099300
9982.478,1.109225
9984.254,1.097239
9984.254,1.096827
9986.030,1.096111
9986.030,1.095131
9987.806,1.106549
9989.759,1.098063
9989.759,1.106292
9991.535,1.107218
9991.535,1.096367
9993.311,1.107063
9993.311,1.097395
9995.087,1.098422
9995.087,1.108705
9996.863,1.096982
9996.863,1.107678
9998.816,1.096726
10000.592,1.107063
10000.592,1.106191
10002.545,1.107732
10002.545,1.098219
10004.144,1.108400
10004.144,1.107576
10005.919,1.106704
10005.919,1.097496
10007.873,1.097239
10009.649,1.098111
10009.649,1.107678
10011.602,1.098111
10011.602,1.096624
10013.200,1.107164
10013.200,1.108400
10015.154,1.098475
10015.154,1.099658
10016.930,1.107678
10016.930,1.099138
10018.705,1.108657
10020.659,1.109786
10020.659,1.099246
10022.257,1.109684
10022.257,1.109840
10024.210,1.109995
10024.210,1.111482
10025.986,1.112467
10025.986,1.102178
10027.940,1.112467
10029.716,1.111643
10029.716,1.101969
10031.314,1.102333
10033.267,1.102435
10033.267,1.102279
10035.043,1.113285
10035.043,1.113441
10036.996,1.112927
10038.772,1.113333
10038.772,1.113799
10040.548,1.105522
10040.548,1.107732
10042.324,1.109529
10042.324,1.120643
10044.100,1.110150
10044.100,1.109684
10046.053,1.119968
10046.053,1.110508
10047.829,1.109428
10049.605,1.119096
10049.605,1.107320
10051.381,1.107164
10051.381,1.116474
10053.334,1.106036
10053.334,1.115238
10055.110,1.104286
10055.110,1.104029
10056.886,1.103725
10058.662,1.113644
10058.662,1.103510
10060.437,1.113542
10060.437,1.104387
10062.391,1.112772
10062.391,1.103772
10064.167,1.112563
10064.167,1.114313
10065.943,1.105212
10065.943,1.114468
10067.718,1.104752
10069.494,1.115137
10069.494,1.114468
10071.448,1.103414
10071.448,1.113590
10073.223,1.102387
10073.223,1.113387
10075.177,1.113542
10075.177,1.104901
10076.775,1.105212
10078.551,1.104286
10078.551,1.105624
10080.504,1.114522
10080.504,1.105624
10082.280,1.105367
10082.280,1.115758
10084.234,1.115853
10084.234,1.116014
10085.832,1.115035
10085.832,1.114725
10087.785,1.115704
10089.561,1.116062
10089.561,1.105056
10091.337,1.104131
10091.337,1.113590
10093.290,1.105056
10093.290,1.105468
10094.889,1.105779
10094.889,1.115704
10096.842,1.115805
10098.618,1.114778
10098.618,1.104590
10100.571,1.105009
10100.571,1.114468
10102.347,1.103414
10102.347,1.114109
10103.945,1.113441
10103.945,1.104495
10105.899,1.105009
10105.899,1.103157
10107.675,1.105624
10109.628,1.106908
10109.628,1.105880
10111.404,1.115596
10111.404,1.116528
10113.180,1.104799
10113.180,1.112873
10114.955,1.111643
10114.955,1.100273
10116.731,1.111900
10118.685,1.103307
10118.685,1.111691
10120.461,1.113285
10120.461,1.114157
10122.236,1.113954
10122.236,1.112724
10124.012,1.102644
10124.012,1.111691
10125.966,1.100995
10127.741,1.099246
10127.741,1.098422
10129.517,1.098272
10129.517,1.098219
10131.293,1.108657
10131.293,1.107935
10133.069,1.097705
10133.069,1.096827
10135.022,1.097341
10135.022,1.097705
10136.798,1.108138
10138.752,1.097854
10138.752,1.107881
10140.350,1.098165
10140.350,1.107881
10142.126,1.096367
10142.126,1.105313
10144.079,1.096881
10144.079,1.097293
10145.855,1.096266
10147.808,1.106340
10147.808,1.108191
10149.407,1.106292
10149.407,1.096266
10151.182,1.097962
10151.182,1.109123
10153.136,1.099759
10153.136,1.112306
10154.912,1.112772
10154.912,1.110353
10156.865,1.110921
10158.463,1.102076
10158.463,1.111482
10160.417,1.101097
10160.417,1.109893
10162.193,1.100995
10162.193,1.112049
10163.968,1.111076
10163.968,1.100894
10165.922,1.101199
10167.520,1.110305
10167.520,1.109225
10169.473,1.109637
10169.473,1.108096
10171.249,1.099503
10171.249,1.109326
10173.203,1.099503
10173.203,1.109016
10174.979,1.100380
10174.979,1.100327
10176.577,1.099915
10178.530,1.108400
10178.530,1.107164
10180.306,1.107881
10180.306,1.098577
10182.259,1.110150
10182.259,1.098989
10184.035,1.108914
10184.035,1.098165
10185.811,1.108813
10187.587,1.107529
10187.587,1.105265
10189.363,1.105934
10189.363,1.105671
10191.316,1.105468
10191.316,1.094874
10193.092,1.096726
10193.092,1.096523
10194.868,1.098625
10196.644,1.109272
10196.644,1.098881
10198.597,1.109893
10198.597,1.098219
10200.373,1.109016
10200.373,1.107678
10202.149,1.110252
10202.149,1.098881
10203.925,1.098786
10203.925,1.108705
10205.700,1.101252
10207.654,1.112820
10207.654,1.112413
10209.430,1.111643
10209.430,1.112927
10211.383,1.102482
10211.383,1.103820
10212.981,1.102900
10212.981,1.102435
10214.757,1.102793
10216.711,1.104334
10216.711,1.115137
10218.486,1.115393
10218.486,1.103820
10220.440,1.103617
10220.440,1.104238
10222.038,1.114265
10222.038,1.103772
10223.991,1.104077
10223.991,1.113387
10225.767,1.105671
10227.543,1.116785
10227.543,1.117245
10229.497,1.117400
10229.497,1.107988
10231.095,1.107988
10231.095,1.109380
10233.048,1.119765
10233.048,1.119305
10234.824,1.109272
10236.777,1.118326
10236.777,1.106448
10238.553,1.114934
10238.553,1.114265
10240.152,1.114366
10240.152,1.104441
10242.105,1.115083
10242.105,1.115704
10243.881,1.114880
10243.881,1.115549
10245.834,1.106448
10247.610,1.106854
10247.610,1.117191
10249.208,1.107421
10249.208,1.108866
10251.162,1.108042
10251.162,1.118994
10252.938,1.109225
10252.938,1.108502
10254.891,1.119150
10256.667,1.119454
10256.667,1.109738
10258.443,1.118785
10258.443,1.119968
10260.218,1.108502
10261.994,1.108096
10261.994,1.105880
10263.948,1.115549
10265.724,1.115137
10265.724,1.105570
10267.499,1.104799
10267.499,1.112981
10269.275,1.112252
10269.275,1.102482
10271.229,1.111589
10271.229,1.112157
10273.004,1.103360
10273.004,1.102023
10274.780,1.102900
10276.556,1.102793
10276.556,1.113644
10278.332,1.103671
10278.332,1.114313
10280.285,1.104029
10280.285,1.103510
10282.061,1.103563
10282.061,1.112563
10284.015,1.104644
10285.613,1.115137
10285.613,1.113590
10287.389,1.113697
10287.389,1.104955
10289.342,1.114522
10289.342,1.103820
10291.118,1.111900
10291.118,1.113542
10293.071,1.112820
10293.071,1.102076
10294.670,1.112360
10296.623,1.113130
10296.623,1.112306
10298.399,1.101664
10298.399,1.101766
10300.175,1.111846
10300.175,1.101199
10302.128,1.112252
10302.128,1.110765
10303.726,1.100840
10305.680,1.101766
10305.680,1.099813
10307.456,1.111022
10307.456,1.110043
10309.409,1.099813
10309.409,1.109786
10311.185,1.109583
10311.185,1.100428
10312.783,1.111225
10312.783,1.101820
10314.736,1.114366
10316.512,1.105624
10316.512,1.104441
10318.466,1.105056
10318.466,1.115758
10320.242,1.106191
10320.242,1.115853
10322.017,1.114671
10322.017,1.115758
10323.793,1.114109
10325.569,1.104590
10325.569,1.113954
10327.522,1.114468
10327.522,1.113900
10329.298,1.115137
10329.298,1.114569
10331.074,1.106549
10331.074,1.115137
10332.850,1.105158
10332.850,1.105313
10334.803,1.105982
10336.579,1.115596
10336.579,1.105212
10338.355,1.113029
10338.355,1.113590
10340.131,1.112617
10340.131,1.102124
10341.907,1.110096
10341.907,1.098786
10343.860,1.097854
10345.636,1.107785
10345.636,1.096935
10347.589,1.097651
10347.589,1.109272
10349.188,1.110819
10349.188,1.111846
10350.963,1.110819
10350.963,1.110150
10352.917,1.101306
10354.693,1.101151
10354.693,1.101611
10356.646,1.101563
10356.646,1.100894
10358.244,1.111643
10358.244,1.109272
10360.020,1.109428
10360.020,1.097293
10361.974,1.106495
10361.974,1.107218
10363.749,1.096212
10365.703,1.106651
10365.703,1.097293
10367.301,1.107678
10367.301,1.097550
10369.254,1.107678
10369.254,1.107111
10371.030,1.095854
10371.030,1.096009
10372.806,1.105158
10374.760,1.104698
10374.760,1.105212
10376.358,1.093847
10376.358,1.091686
10378.311,1.094206
10378.311,1.093125
10380.087,1.094104
10380.087,1.103510
10382.040,1.093591
10382.040,1.093226
10383.816,1.094206
10385.415,1.104131
10387.368,1.103617
10387.368,1.096111
10389.144,1.107732
10389.144,1.108245
10391.097,1.098529
10391.097,1.099962
10392.873,1.102023
10394.649,1.102482
10394.649,1.111792
10396.425,1.112204
10396.425,1.112467
10398.200,1.111589
10398.200,1.111995
10400.154,1.102387
10400.154,1.110968
10401.930,1.111434
10401.930,1.101354
10403.706,1.111846
10405.481,1.112252
10405.481,1.111386
10407.435,1.101455
10407.435,1.103104
10409.211,1.113029
10409.211,1.103981
10410.986,1.104590
10410.986,1.104334
10412.762,1.102536
10414.538,1.110921
10414.538,1.101252
10416.492,1.104029
10416.492,1.113644
10418.267,1.103671
10418.267,1.103820
10420.221,1.114265
10420.221,1.104286
10421.819,1.114211
10423.595,1.105725
10423.595,1.106394
10425.548,1.106036
10425.548,1.105827
10427.324,1.105009
10427.324,1.107015
10429.278,1.115650
10429.278,1.106239
10430.876,1.117352
10430.876,1.108138
10432.829,1.107111
10434.605,1.108657
10434.605,1.109583
10436.381,1.119042
10436.381,1.118379
10438.334,1.108609
10438.334,1.117704
10439.933,1.107839
10439.933,1.116731
10441.886,1.116624
10443.662,1.116785
10443.662,1.115340
10445.615,1.104752
10445.615,1.103510
10447.391,1.104644
10447.391,1.104387
10448.989,1.104238
10448.989,1.104698
10450.943,1.105934
10450.943,1.114569
10452.719,1.106036
10454.672,1.106704
10454.672,1.108138
10456.448,1.108705
10456.448,1.109786
10458.046,1.109529
10458.046,1.119508
10459.999,1.109637
10459.999,1.107988
10461.775,1.109326
10463.729,1.119562
10463.729,1.120690
10465.504,1.108502
10465.504,1.118941
10467.280,1.108914
10467.280,1.109583
10469.056,1.110252
10469.056,1.110150
10470.832,1.111022
10470.832,1.109171
10472.785,1.109684
10474.561,1.110765
10474.561,1.109481
10476.337,1.108096
10476.337,1.107272
10478.113,1.117866
10478.113,1.119197
10480.066,1.110096
10480.066,1.111279
10481.842,1.112252
10483.618,1.113130
10483.618,1.123670
10485.394,1.125062
10485.394,1.115035
10487.170,1.115596
10489.123,1.124035
10489.123,1.111386
10490.899,1.111948
10492.852,1.121819
10492.852,1.111279
10494.451,1.110610
10494.451,1.120075
10496.226,1.118326
10496.226,1.117501
10498.180,1.119042
10498.180,1.119663
10499.956,1.110508
10499.956,1.120947
10501.909,1.120738
10503.507,1.111434
10503.507,1.123467
10505.461,1.121616
10505.461,1.110508
10507.237,1.110305
10507.237,1.112820
10509.012,1.112820
10509.012,1.112670
10510.966,1.123413
10512.564,1.122798
10512.564,1.112820
10514.517,1.112413
10514.517,1.114056
10516.293,1.113076
10516.293,1.124906
10518.247,1.116271
10518.247,1.115907
10520.022,1.125420
10520.022,1.116217
10521.621,1.115704
10523.574,1.114880
10523.574,1.114569
10525.350,1.124393
10525.350,1.114981
10527.303,1.114569
10527.303,1.124494
10529.079,1.113238
10529.079,1.123670
10530.855,1.113799
10532.631,1.126501
10532.631,1.125987
10534.407,1.116421
10534.407,1.117812
10536.360,1.117555
10536.360,1.117400
10538.136,1.117042
10538.136,1.119197
10539.912,1.118994
10539.912,1.127683
10541.688,1.128149
10543.641,1.126811
10543.641,1.126608
10545.417,1.116110
10545.417,1.126352
10547.193,1.125880
10547.193,1.116014
10548.969,1.125217
10548.969,1.125014
10550.744,1.116110
10552.698,1.116062
10552.698,1.114522
10554.474,1.125062
10554.474,1.127170
10556.427,1.118272
10556.427,1.117501
10558.025,1.127892
10558.025,1.127683
10559.801,1.125623
10559.801,1.125880
10561.755,1.116528
10563.530,1.125677
10563.530,1.114981
10565.484,1.126811
10565.484,1.115961
10567.082,1.116217
10567.082,1.128710
10568.858,1.119251
10568.858,1.118529
10570.811,1.128149
10572.587,1.129899
10572.587,1.130359
10574.540,1.121204
10574.540,1.123055
10576.139,1.123366
10576.139,1.122076
10578.092,1.132879
10578.092,1.131439
10579.868,1.132520
10581.644,1.131696
10581.644,1.130771
10583.597,1.119096
10583.597,1.127892
10585.195,1.128454
10585.195,1.117042
10587.149,1.116934
10587.149,1.125838
10588.925,1.127480
10588.925,1.117812
10590.878,1.115961
10592.654,1.115853
10592.654,1.116217
10594.252,1.125934
10594.252,1.125062
10596.206,1.125217
10596.206,1.124906
10597.981,1.114826
10597.981,1.123933
10599.935,1.113954
10601.711,1.126095
10601.711,1.125318
10603.487,1.115083
10603.487,1.116367
10605.262,1.117657
10605.262,1.116271
10607.038,1.127014
10607.038,1.126656
10608.992,1.116421
10608.992,1.126961
10610.767,1.126137
10612.543,1.115292
10612.543,1.125062
10614.319,1.121926
10614.319,1.122852
10616.273,1.122589
10616.273,1.112873
10618.048,1.122494
10618.048,1.122852
10619.824,1.112563
10621.600,1.123413
10621.600,1.123264
10623.376,1.114056
10623.376,1.113387
10625.329,1.123778
10625.329,1.112873
10627.105,1.122183
10627.105,1.112927
10629.059,1.124805
10629.059,1.125163
10630.657,1.124548
10632.433,1.124757
10632.433,1.116014
10634.386,1.116217
10634.386,1.118272
10636.162,1.120075
10636.162,1.130926
10638.115,1.130156
10638.115,1.118636
10639.713,1.119508
10641.667,1.130818
10641.667,1.131643
10643.443,1.130980
10643.443,1.120690
10645.219,1.119562
10645.219,1.118893
10647.172,1.118379
10647.172,1.128197
10648.770,1.127223
10650.724,1.117704
10650.724,1.117501
10652.499,1.117352
10652.499,1.117758
10654.453,1.116731
10654.453,1.117400
10656.229,1.126913
10656.229,1.116110
10657.827,1.126758
10657.827,1.117137
10659.780,1.118529
10661.556,1.128454
10661.556,1.131129
10663.510,1.120846
10663.510,1.131589
10665.285,1.122130
10665.285,1.130203
10666.884,1.130669
10668.837,1.131027
10670.613,1.131493
10670.613,1.131183
10672.566,1.120386
10672.566,1.130156
10674.342,1.120177
10674.342,1.130723
10676.118,1.130359
10676.118,1.131236
10677.894,1.130723
10677.894,1.119968
10679.670,1.131439
10681.623,1.131075
10681.623,1.130203
10683.399,1.120021
10683.399,1.130818
10685.175,1.121252
10685.175,1.129738
10686.951,1.130669
10686.951,1.121508
10688.904,1.130305
10690.680,1.119454
10690.680,1.130305
10692.456,1.120075
10692.456,1.131236
10694.232,1.122440
10694.232,1.122542
10696.007,1.132311
10696.007,1.130872
10697.961,1.120225
10697.961,1.131075
10699.737,1.120738
10701.690,1.132108
10701.690,1.133082
10703.288,1.124339
10703.288,1.125109
10705.064,1.134784
10705.064,1.134879
10707.017,1.127170
10707.017,1.126137
10708.793,1.135865
10710.747,1.134987
10710.747,1.134784
10712.345,1.135656
10714.298,1.136426
10714.298,1.134366
10716.074,1.124447
10716.074,1.127068
10717.850,1.127379
10719.803,1.137405
10719.803,1.136581
10721.402,1.126352
10721.402,1.125838
10723.355,1.135142
10723.355,1.133757
10725.131,1.133446
10725.131,1.133291
10727.084,1.133703
10727.084,1.134473
10728.860,1.123879
10730.458,1.133757
10730.458,1.135040
10732.412,1.124757
10732.412,1.124238
10734.188,1.134109
10734.188,1.124548
10736.141,1.133960
10736.141,1.123622
10737.917,1.133960
10739.693,1.134933
10739.693,1.123826
10741.469,1.124082
10741.469,1.134318
10743.244,1.125217
10743.244,1.133906
10745.198,1.133757
10745.198,1.125109
10746.974,1.125934
10746.974,1.125366
10748.750,1.135500
10750.525,1.134318
10750.525,1.124339
10752.479,1.123007
10752.479,1.123778
10754.255,1.133649
10754.255,1.134318
10756.030,1.133852
10756.030,1.134473
10757.806,1.124082
10759.582,1.123622
10759.582,1.124853
10761.536,1.133392
10761.536,1.131439
10763.311,1.131798
10763.311,1.131541
10765.087,1.130466
10765.087,1.129224
10766.863,1.120075
10766.863,1.131332
10768.639,1.132108
10770.592,1.122183
10770.592,1.122130
10772.368,1.131541
10772.368,1.132311
10774.321,1.123569
10774.321,1.134730
10775.920,1.124548
10775.920,1.125730
10777.696,1.135811
10779.649,1.125366
10781.425,1.136169
10781.425,1.134837
10783.378,1.123569
10783.378,1.131541
10784.976,1.120535
10784.976,1.119818
10786.930,1.120021
10786.930,1.131332
10788.706,1.120690
10790.482,1.128609
10790.482,1.128764
10792.435,1.119866
10792.435,1.129433
10794.033,1.127683
10794.033,1.127582
10795.987,1.115238
10795.987,1.126447
10797.762,1.115805
10799.716,1.115805
10799.716,1.125838
10801.492,1.128304
10801.492,1.117812
10803.090,1.118481
10803.090,1.129176
10805.043,1.120643
10805.043,1.130412
10806.819,1.120434
10808.773,1.120792
10808.773,1.120386
10810.548,1.121305
10810.548,1.131493
10812.324,1.120481
10812.324,1.122900
10814.100,1.134419
10814.100,1.134933
10815.876,1.134061
10815.876,1.124339
10817.829,1.133494
10819.605,1.131852
10819.605,1.119353
10821.381,1.130048
10821.381,1.119042
10823.157,1.127785
10823.157,1.127737
10825.110,1.116164
10825.110,1.115447
10826.886,1.123879
10828.662,1.124190
10828.662,1.125163
10830.438,1.115083
10830.438,1.113900
10832.214,1.115190
10832.214,1.114313
10834.167,1.125109
10834.167,1.115190
10835.943,1.114934
10835.943,1.123879
10837.896,1.114313
10839.494,1.125366
10839.494,1.116164
10841.270,1.117095
10841.270,1.127582
10843.224,1.128042
10843.224,1.125880
10845.000,1.116271
10845.000,1.126501
10846.953,1.126244
10848.551,1.124291
10848.551,1.113900
10850.327,1.114522
10850.327,1.124853
10852.280,1.113542
10852.280,1.112820
10854.056,1.122589
10854.056,1.112981
10856.010,1.122333
10856.010,1.113542
10857.608,1.123724
10859.561,1.113644
10859.561,1.115190
10861.337,1.125420
10861.337,1.125474
10863.113,1.125838
10863.113,1.116421
10865.066,1.125527
10865.066,1.116367
10866.665,1.115650
10868.618,1.115961
10868.618,1.125987
10870.394,1.115137
10870.394,1.115340
10872.347,1.114880
10872.347,1.115961
10874.123,1.118738
10874.123,1.126608
10875.721,1.125366
10877.675,1.114056
10877.675,1.125163
10879.451,1.124548
10879.451,1.123366
10881.404,1.125730
10881.404,1.116217
10883.180,1.117501
10883.180,1.119305
10884.956,1.118529
10884.956,1.128764
10886.732,1.116624
10888.507,1.118941
10888.507,1.129122
10890.461,1.119197
10890.461,1.129385
10892.237,1.120332
10892.237,1.121049
10894.012,1.121723
10894.012,1.130048
10895.788,1.129122
10897.742,1.120332
10897.742,1.130156
10899.518,1.130669
10899.518,1.121616
10901.293,1.131852
10901.293,1.120738
10903.069,1.129738
10903.069,1.119663
10904.845,1.133082
10904.845,1.121819
10906.798,1.121359
10908.574,1.132156
10908.574,1.132311
10910.528,1.120690
10910.528,1.120846
10912.126,1.131541
10912.126,1.123366
10913.902,1.134366
10913.902,1.124291
10915.855,1.135243
10917.631,1.125838
10917.631,1.135811
10919.584,1.124960
10919.584,1.135094
10921.183,1.134676
10921.183,1.124291
10923.136,1.132622
10923.136,1.131643
10924.912,1.130359
10924.912,1.131750
10926.688,1.132055
10928.641,1.120535
10928.641,1.130048
10930.239,1.120643
10930.239,1.129738
10932.193,1.129588
10932.193,1.127839
10933.969,1.126244
10933.969,1.115961
10935.922,1.125575
10937.698,1.114056
10937.698,1.112873
10939.296,1.112724
10939.296,1.123981
10941.250,1.125318
10941.250,1.123724
10943.025,1.123981
10943.025,1.123521
10944.979,1.122900
10946.755,1.122643
10946.755,1.113697
10948.353,1.124291
10948.353,1.124494
10950.306,1.123879
10950.306,1.114109
10952.082,1.123366
10954.036,1.112049
10954.036,1.112103
10955.811,1.122130
10957.587,1.112981
10957.587,1.120995
10959.363,1.120481
10959.363,1.120075
10961.139,1.110096
10961.139,1.109786
10963.092,1.119406
10963.092,1.119150
10964.868,1.117298
10966.644,1.116062
10966.644,1.114211
10968.420,1.114265
10968.420,1.112772
10970.373,1.101712
10970.373,1.112927
10972.149,1.112670
10972.149,1.112306
10973.925,1.102996
10973.925,1.111434
10975.701,1.100942
10977.477,1.100583
10977.477,1.110968
10979.430,1.100070
10981.206,1.110819
10981.206,1.112724
10983.159,1.112360
10983.159,1.113441
10984.757,1.103360
10986.533,1.103563
10986.533,1.105265
10988.487,1.114981
10988.487,1.104955
10990.263,1.113387
10990.263,1.104441
10992.216,1.114725
10992.216,1.113853
10993.814,1.105415
10993.814,1.116164
10995.768,1.115758
10997.543,1.104955
10997.543,1.114671
10999.319,1.105265
10999.319,1.114671
11001.273,1.104441
11001.273,1.104238
11002.871,1.105934
11002.871,1.107624
11004.824,1.118015
11006.600,1.107988
11006.600,1.117657
11008.554,1.107785
11008.554,1.116934
11010.329,1.117448
11010.329,1.106806
11011.928,1.115137
11011.928,1.114366
11013.881,1.115292
11013.881,1.115137
11015.657,1.115596
11017.610,1.106137
11017.610,1.105522
11019.386,1.107624
11019.386,1.117137
11021.162,1.107576
11021.162,1.106036
11022.938,1.104590
11022.938,1.106137
11024.714,1.115549
11026.667,1.105212
11026.667,1.115650
11028.443,1.105110
11028.443,1.105570
11030.219,1.103563
11030.219,1.113441
11031.995,1.114265
11031.995,1.113900
11033.948,1.102847
11035.724,1.113644
11035.724,1.104543
11037.500,1.114414
11037.500,1.105009
11039.275,1.103104
11039.275,1.113900
11041.051,1.113130
11041.051,1.114569
11043.005,1.104543
11043.005,1.113697
11044.781,1.103360
11046.734,1.104334
11046.734,1.114826
11048.332,1.103414
11048.332,1.114109
11050.108,1.114008
11050.108,1.112927
11052.061,1.114211
11052.061,1.115340
11053.837,1.103617
11055.791,1.102900
11055.791,1.103820
11057.389,1.104334
11057.389,1.102644
11059.165,1.102590
11059.165,1.113285
11061.118,1.104752
11061.118,1.113853
11062.894,1.113387
11062.894,1.113900
11064.847,1.104238
11066.446,1.103253
11066.446,1.113751
11068.399,1.103253
11068.399,1.103928
11070.175,1.114468
11070.175,1.116880
11071.951,1.106191
11071.951,1.115238
11073.904,1.105522
11075.502,1.106394
11075.502,1.107320
11077.456,1.117704
11077.456,1.115495
11079.232,1.116217
11079.232,1.106961
11081.185,1.117137
11081.185,1.107935
11082.961,1.119251
11082.961,1.109326
11084.559,1.117095
11086.513,1.107529
11086.513,1.107881
11088.288,1.106597
11088.288,1.117245
11090.242,1.106137
11090.242,1.116319
11092.018,1.105624
11092.018,1.115190
11093.793,1.105313
11095.569,1.114934
11095.569,1.105779
11097.345,1.115907
11097.345,1.115596
11099.299,1.104286
11099.299,1.103510
11101.074,1.115238
11101.074,1.115083
11102.850,1.115549
11104.626,1.105522
11104.626,1.104901
11106.579,1.115393
11106.579,1.106394
11108.355,1.117812
11108.355,1.118069
11110.131,1.118170
11110.131,1.118015
11111.907,1.117400
11111.907,1.116576
11113.683,1.116624
11115.636,1.115292
11115.636,1.103981
11117.412,1.103050
11117.412,1.113184
11119.365,1.104901
11119.365,1.104495
11120.964,1.113954
11120.964,1.115190
11122.740,1.114522
11124.693,1.105265
11124.693,1.104590
11126.469,1.115035
11126.469,1.114468
11128.422,1.105827
11128.422,1.106549
11130.020,1.107624
11130.020,1.108448
11131.974,1.119096
11131.974,1.109171
11133.750,1.110353
11135.525,1.109583
11135.525,1.119096
11137.479,1.118481
11137.479,1.109481
11139.077,1.108813
11139.077,1.119197
11141.031,1.120589
11141.031,1.121204
11142.806,1.110867
11144.760,1.110252
11144.760,1.109738
11146.536,1.109941
11146.536,1.110455
11148.134,1.109481
11148.134,1.118785
11150.087,1.109840
11150.087,1.111482
11151.863,1.112413
11151.863,1.113644
11153.817,1.123312
11155.592,1.113441
11155.592,1.114265
11157.191,1.125109
11157.191,1.115596
11159.144,1.126095
11159.144,1.116839
11160.920,1.118481
11160.920,1.128663
11162.873,1.119711
11164.649,1.119150
11164.649,1.129224
11166.425,1.131284
11166.425,1.130466
11168.201,1.120995
11168.201,1.120021
11169.977,1.119353
11169.977,1.130508
11171.930,1.121926
11171.930,1.132520
11173.706,1.132156
11175.482,1.122900
11175.482,1.122076
11177.258,1.133960
11177.258,1.123521
11179.211,1.122237
11179.211,1.122285
11180.987,1.133392
11180.987,1.134987
11182.763,1.125062
11184.538,1.135608
11184.538,1.134575
11186.314,1.123724
11186.314,1.132670
11188.268,1.123264
11188.268,1.131899
11190.044,1.129535
11190.044,1.120123
11191.997,1.121819
11193.595,1.132622
11193.595,1.122130
11195.371,1.131643
11195.371,1.121359
11197.324,1.122028
11197.324,1.132723
11199.100,1.122589
11199.100,1.123724
11201.054,1.133595
11201.054,1.134109
11202.652,1.133649
11204.605,1.123826
11204.605,1.123933
11206.381,1.132210
11206.381,1.120386
11208.157,1.129845
11208.157,1.131129
11210.110,1.132825
11210.110,1.132622
11211.709,1.122285
11213.662,1.132365
11213.662,1.130771
11215.438,1.131332
11215.438,1.121204
11217.391,1.120899
11217.391,1.129845
11219.167,1.118122
11219.167,1.117400
11220.765,1.117245
11220.765,1.126865
11222.719,1.127170
11224.495,1.116988
11224.495,1.126501
11226.448,1.127271
11226.448,1.127122
11228.224,1.118379
11228.224,1.128095
11230.000,1.117758
11230.000,1.116988
11231.776,1.127737
11233.551,1.118326
11233.551,1.119150
11235.505,1.118941
11235.505,1.119609
11237.281,1.120021
11237.281,1.130723
11239.056,1.130980
11239.056,1.121204
11240.832,1.118684
11240.832,1.129642
11242.786,1.121252
11244.562,1.131541
11244.562,1.131750
11246.337,1.121049
11246.337,1.133237
11248.113,1.123879
11248.113,1.135040
11249.889,1.133703
11249.889,1.121670
11251.842,1.121926
11253.618,1.131696
11253.618,1.121819
11255.572,1.120177
11255.572,1.130048
11257.170,1.118379
11257.170,1.128663
11258.946,1.118785
11258.946,1.117657
11260.899,1.115704
11262.675,1.116271
11262.675,1.125730
11264.628,1.116367
11264.628,1.115596
11266.227,1.114671
11266.227,1.112981
11268.002,1.121252
11268.002,1.112049
11269.956,1.113590
11269.956,1.122494
11271.732,1.111643
11273.685,1.121413
11273.685,1.123157
11275.283,1.114265
11275.283,1.123264
11277.237,1.111739
11277.237,1.121670
11279.013,1.112820
11279.013,1.112049
11280.788,1.112873
11282.742,1.122542
11282.742,1.123622
11284.340,1.113285
11284.340,1.113387
11286.294,1.112772
11286.294,1.123521
11288.069,1.123521
11288.069,1.124494
11290.023,1.123312
11290.023,1.124035
11291.799,1.116271
11293.397,1.117095
11293.397,1.126913
11295.350,1.127737
11295.350,1.118839
11297.126,1.119508
11297.126,1.130669
11299.080,1.121252
11299.080,1.130615
11300.855,1.119042
11302.631,1.119920
11302.631,1.120690
11304.407,1.121562
11304.407,1.120899
11306.183,1.119866
11306.183,1.130412
11308.136,1.131589
11308.136,1.122130
11309.912,1.120589
11309.912,1.118941
11311.688,1.117657
11313.464,1.116624
11313.464,1.114522
11315.417,1.124757
11315.417,1.114623
11317.193,1.124447
11317.193,1.116217
11318.969,1.115393
11318.969,1.116474
11320.745,1.115190
11322.521,1.115447
11322.521,1.123879
11324.474,1.114211
11324.474,1.113799
11326.250,1.113542
11326.250,1.124190
11328.203,1.124339
11328.203,1.114468
11329.801,1.124548
11331.577,1.114366
11331.577,1.112617
11333.531,1.121413
11333.531,1.112873
11335.306,1.113184
11335.306,1.122852
11337.260,1.112413
11337.260,1.121771
11338.858,1.111846
11338.858,1.121723
11340.812,1.122900
11342.587,1.124136
11342.587,1.114211
11344.363,1.124757
11344.363,1.127635
11346.317,1.127014
11346.317,1.115495
11347.915,1.113900
11349.868,1.122852
11351.644,1.112873
11351.644,1.111995
11353.598,1.111333
11353.598,1.120792
11355.373,1.110096
11355.373,1.119711
11356.972,1.119562
11356.972,1.110043
11358.925,1.110096
11358.925,1.119711
11360.701,1.109893
11362.654,1.110610
11362.654,1.110664
11364.430,1.121102
11364.430,1.110921
11366.028,1.120690
11366.028,1.111536
11367.982,1.112413
11367.982,1.112927
11369.758,1.112772
11371.711,1.113184
11371.711,1.123467
11373.487,1.112467
11373.487,1.122333
11375.263,1.122494
11375.263,1.112306
11377.038,1.122542
11377.038,1.112157
11378.814,1.120535
11378.814,1.121980
11380.768,1.113076
11382.544,1.113285
11382.544,1.122386
11384.319,1.122130
11386.095,1.112049
11386.095,1.122798
11388.049,1.125062
11388.049,1.126298
11389.824,1.126190
11391.600,1.116164
11391.600,1.116934
11393.376,1.128352
11393.376,1.126656
11395.152,1.127582
11395.152,1.115704
11397.105,1.122852
11397.105,1.123569
11398.881,1.123007
11398.881,1.111434
11400.835,1.120643
11402.433,1.110096
11402.433,1.109583
11404.209,1.109684
11404.209,1.120792
11406.162,1.111434
11406.162,1.120643
11407.938,1.120899
11407.938,1.119609
11409.891,1.110043
11411.490,1.111022
11411.490,1.111124
11413.443,1.110096
11413.443,1.109995
11415.219,1.121204
11415.219,1.111589
11416.995,1.122798
11416.995,1.121305
11418.948,1.121508
11420.546,1.110765
11420.546,1.110150
11422.500,1.121156
11422.500,1.111225
11424.276,1.119711
11424.276,1.111900
11426.229,1.113751
11426.229,1.123622
11428.005,1.113954
11428.005,1.114211
11429.603,1.125730
11431.557,1.115447
11431.557,1.126190
11433.332,1.115238
11433.332,1.115758
11435.286,1.125271
11435.286,1.124650
11437.062,1.114671
11437.062,1.124494
11438.837,1.126865
11440.613,1.124757
11440.613,1.123622
11442.389,1.122237
11442.389,1.110610
11444.342,1.110562
11444.342,1.109069
11446.118,1.120690
11446.118,1.119711
11447.894,1.109016
11447.894,1.118481
11449.670,1.117298
11451.623,1.107988
11451.623,1.120225
11453.399,1.108609
11453.399,1.118738
11455.175,1.108191
11455.175,1.110508
11456.951,1.109326
11456.951,1.110198
11458.727,1.119711
11460.680,1.110198
11460.680,1.119765
11462.456,1.119866
11462.456,1.120434
11464.232,1.121049
11464.232,1.121359
11466.008,1.113590
11466.008,1.122028
11467.783,1.113238
11467.783,1.112509
11469.737,1.111536
11471.513,1.110968
11471.513,1.119562
11473.466,1.119866
11473.466,1.119968
11475.064,1.110353
11475.064,1.121980
11476.840,1.122386
11476.840,1.112670
11478.794,1.111900
11480.569,1.122333
11480.569,1.111589
11482.523,1.120481
11482.523,1.109941
11484.121,1.108138
11484.121,1.118379
11486.075,1.118994
11486.075,1.121156
11487.850,1.110867
11489.626,1.120177
11489.626,1.109995
11491.580,1.119096
11491.580,1.109123
11493.178,1.109326
11493.178,1.119609
11495.131,1.111589
11495.131,1.120535
11496.907,1.109995
11496.907,1.121562
11498.861,1.111846
11500.636,1.123109
11500.636,1.113333
11502.235,1.113441
11502.235,1.114880
11504.188,1.115805
11504.188,1.114725
11505.964,1.124650
11505.964,1.112724
11507.917,1.123157
11509.693,1.121819
11509.693,1.122285
11511.469,1.122386
11511.469,1.120995
11513.245,1.122076
11513.245,1.112467
11515.021,1.119711
11515.021,1.109016
11516.974,1.119866
11516.974,1.119663
11518.750,1.120177
11520.526,1.109016
11520.526,1.120690
11522.301,1.109893
11522.301,1.119406
11524.255,1.120075
11524.255,1.119711
11526.031,1.120589
11526.031,1.120643
11527.807,1.120738
11529.582,1.121980
11529.582,1.122643
11531.358,1.111434
11531.358,1.119920
11533.312,1.109171
11533.312,1.109428
11535.087,1.119920
11535.087,1.120995
11537.041,1.120738
11537.041,1.118941
11538.639,1.110096
11540.415,1.109272
11540.415,1.107732
11542.368,1.105779
11542.368,1.106597
11544.144,1.106854
11544.144,1.116421
11546.098,1.108609
11546.098,1.108962
11547.696,1.120589
11549.472,1.119251
11549.472,1.109326
11551.425,1.106752
11551.425,1.106651
11553.201,1.115393
11553.201,1.104698
11555.154,1.103725
11555.154,1.103617
11556.753,1.112927
11558.706,1.102691
11558.706,1.112873
11560.482,1.101199
11560.482,1.102178
11562.258,1.103050
11562.258,1.113697
11564.211,1.113387
11564.211,1.114623
11565.809,1.115083
11565.809,1.114826
11567.763,1.104238
11569.539,1.114366
11569.539,1.103253
11571.492,1.102435
11571.492,1.104131
11573.268,1.103981
11573.268,1.104029
11574.866,1.113333
11574.866,1.102333
11576.819,1.102590
11578.595,1.102996
11578.595,1.112820
11580.549,1.101969
11580.549,1.102333
11582.325,1.112103
11582.325,1.111225
11584.100,1.100124
11584.100,1.111076
11585.876,1.111225
11585.876,1.111948
11587.652,1.102076
11589.605,1.102387
11589.605,1.102435
11591.381,1.111691
11591.381,1.112509
11593.157,1.112204
11593.157,1.103510
11594.933,1.113029
11594.933,1.105415
11596.886,1.115447
11598.662,1.115035
11598.662,1.117501
11600.438,1.108299
11600.438,1.118170
11602.214,1.118122
11602.214,1.118326
11603.990,1.117758
11603.990,1.108866
11605.943,1.108191
11605.943,1.108353
11607.719,1.105880
11609.672,1.116367
11609.672,1.107475
11611.271,1.107320
11611.271,1.117913
11613.046,1.117812
11613.046,1.109637
11615.000,1.118582
11615.000,1.119711
11616.776,1.119406
11618.729,1.118427
11618.729,1.109428
11620.327,1.112252
11620.327,1.112413
11622.281,1.113184
11622.281,1.113441
11624.057,1.112617
11624.057,1.122028
11625.832,1.110305
11625.832,1.110712
11627.786,1.109272
11629.384,1.118636
11629.384,1.118785
11631.337,1.118893
11631.337,1.120434
11633.113,1.111022
11633.113,1.112360
11635.067,1.112927
11635.067,1.123467
11636.843,1.124494
11638.441,1.115393
11638.441,1.125366
11640.394,1.124853
11640.394,1.116110
11642.170,1.126555
11642.170,1.127122
11644.123,1.117352
11644.123,1.128149
11645.899,1.129021
11647.498,1.118069
11647.498,1.128454
11649.451,1.129947
11649.451,1.120123
11651.227,1.129588
11651.227,1.119663
11653.180,1.119866
11653.180,1.119406
11654.956,1.119609
11654.956,1.129433
11656.732,1.128967
11658.508,1.118529
11658.508,1.130102
11660.284,1.119251
11660.284,1.129385
11662.237,1.128251
11662.237,1.117704
11664.013,1.117352
11664.013,1.127325
11665.789,1.118122
11667.564,1.116528
11667.564,1.125838
11669.518,1.124190
11669.518,1.124757
11671.294,1.125474
11671.294,1.124960
11673.070,1.122900
11674.845,1.111739
11674.845,1.113184
11676.621,1.111482
11678.575,1.122643
11678.575,1.112563
11680.350,1.123467
11680.350,1.114880
11682.304,1.125527
11682.304,1.114671
11683.902,1.124805
11683.902,1.113130
11685.678,1.122954
11687.631,1.111589
11687.631,1.111900
11689.407,1.111177
11689.407,1.121413
11691.361,1.121049
11691.361,1.120995
11692.959,1.112049
11692.959,1.112617
11694.912,1.112927
11694.912,1.112981
11696.688,1.113387
11698.464,1.125677
11698.464,1.115650
11700.417,1.124960
11700.417,1.114880
11702.016,1.115292
11702.016,1.115549
11703.969,1.116319
11703.969,1.115393
11705.745,1.114211
11707.698,1.124906
11707.698,1.125838
11709.474,1.114671
11709.474,1.124596
11711.072,1.125838
11711.072,1.124494
11713.026,1.123007
11713.026,1.122285
11714.802,1.111900
11716.755,1.120386
11716.755,1.109481
11718.531,1.119765
11718.531,1.120589
11720.307,1.120225
11720.307,1.119818
11722.082,1.110198
11722.082,1.110150
11723.858,1.120177
11723.858,1.109326
11725.812,1.120123
11727.588,1.120846
11727.588,1.121102
11729.363,1.122028
11729.363,1.112772
11731.139,1.111691
11731.139,1.112981
11733.093,1.123264
11733.093,1.123366
11734.868,1.122542
11736.644,1.111177
11736.644,1.121616
11738.420,1.111076
11738.420,1.112360
11740.196,1.111022
11740.196,1.120386
11742.149,1.119305
11742.149,1.117812
11743.925,1.117191
11743.925,1.106651
11745.879,1.116785
11747.477,1.117812
11747.477,1.118170
11749.253,1.119042
11749.253,1.118224
11751.206,1.108400
11751.206,1.106961
11752.982,1.106340
11752.982,1.114880
11754.935,1.104590
11756.534,1.103157
11756.534,1.102644
11758.309,1.112306
11758.309,1.101455
11760.263,1.101820
11760.263,1.102076
11762.039,1.102023
11762.039,1.101252
11763.992,1.103307
11763.992,1.112467
11765.590,1.111948
11767.544,1.110765
11767.544,1.111900
11769.320,1.112252
11769.320,1.102333
11771.095,1.102793
11771.095,1.113799
11773.049,1.113542
11773.049,1.102996
11774.647,1.103563
11776.600,1.112563
11776.600,1.112360
11778.376,1.101921
11778.376,1.111739
11780.330,1.110712
11780.330,1.100786
11782.106,1.110765
11782.106,1.111643
11783.704,1.102900
11785.657,1.102948
11785.657,1.102387
11787.433,1.112049
11787.433,1.113954
11789.386,1.102793
11789.386,1.102739
11791.162,1.110712
11791.162,1.111792
11792.938,1.112252
11792.938,1.114157
11794.714,1.104238
11796.490,1.104184
11796.490,1.104799
11798.443,1.116271
11798.443,1.105415
11800.219,1.115495
11800.219,1.104590
11801.995,1.115238
11801.995,1.106083
11803.771,1.116677
11805.724,1.106651
11805.724,1.117095
11807.500,1.106340
11807.500,1.117555
11809.276,1.118379
11809.276,1.118427
11811.052,1.118839
11811.052,1.119096
11812.827,1.107881
11812.827,1.108191
11814.781,1.119562
11816.557,1.109225
11816.557,1.109016
11818.510,1.108400
11818.510,1.107839
11820.108,1.118122
11820.108,1.108609
11821.884,1.107529
11821.884,1.106549
11823.838,1.106651
11825.613,1.107218
11825.613,1.107576
11827.567,1.116839
11827.567,1.116677
11829.165,1.108400
11829.165,1.110921
11831.118,1.109684
11831.118,1.117913
11832.894,1.116934
11832.894,1.107063
11834.670,1.108866
11836.624,1.119818
11836.624,1.119251
11838.222,1.108813
11838.222,1.118015
11840.175,1.118326
11840.175,1.108502
11841.951,1.108042
11841.951,1.118272
11843.904,1.117609
11845.680,1.117866
11845.680,1.115961
11847.279,1.115549
11847.279,1.115447
11849.232,1.116271
11849.232,1.105110
11851.008,1.103468
11851.008,1.102178
11852.961,1.101408
11852.961,1.101921
11854.737,1.110407
11856.335,1.099401
11858.289,1.108299
11858.289,1.099401
11860.065,1.109941
11860.065,1.101252
11862.018,1.101408
11862.018,1.102023
11863.794,1.100894
11865.570,1.109225
11865.570,1.100124
11867.345,1.102536
11867.345,1.112103
11869.121,1.102948
11869.121,1.103157
11871.075,1.102948
11871.075,1.113542
11872.850,1.102387
11874.626,1.101455
11874.626,1.111995
11876.402,1.110867
11876.402,1.100995
11878.356,1.099706
11878.356,1.110043
11880.131,1.110252
11880.131,1.100894
11881.907,1.110968
11881.907,1.112413
11883.683,1.103725
11885.459,1.113184
11885.459,1.101766
11887.412,1.100739
11887.412,1.110765
11889.188,1.110305
11889.188,1.111076
11891.142,1.100070
11891.142,1.101354
11892.740,1.112670
11894.516,1.112049
11894.516,1.111279
11896.469,1.110562
11896.469,1.100894
11898.245,1.102076
11898.245,1.112157
11900.198,1.103671
11900.198,1.114778
11901.797,1.105468
11901.797,1.104799
11903.750,1.114981
11905.526,1.105110
11905.526,1.104131
11907.302,1.104387
11907.302,1.101969
11909.255,1.112413
11909.255,1.114008
11910.853,1.112927
11910.853,1.102178
11912.807,1.102226
11914.583,1.101969
11914.583,1.100016
11916.536,1.108400
11916.536,1.109272
11918.312,1.108914
11918.312,1.108400
11919.910,1.098272
11919.910,1.109380
11921.863,1.108657
11921.863,1.107881
11923.639,1.097550
11925.593,1.108299
11925.593,1.097191
11927.369,1.108556
11927.369,1.097395
11929.144,1.107367
11929.144,1.096827
11930.920,1.095752
11930.920,1.106036
11932.696,1.095239
11934.649,1.106340
11934.649,1.095902
11936.425,1.106597
11936.425,1.098625
11938.201,1.109840
11938.201,1.108609
11939.977,1.096009
11939.977,1.104590
11941.930,1.094253
11943.706,1.103563
11943.706,1.102793
11945.482,1.090402
11945.482,1.101563
11947.258,1.091530
11947.258,1.090300
11949.034,1.090963
11949.034,1.101766
11950.987,1.101043
11950.987,1.101712
11952.763,1.101455
11954.716,1.091327
11954.716,1.091172
11956.315,1.091739
11956.315,1.091787
11958.090,1.100225
11958.090,1.099503
11960.044,1.088240
11960.044,1.087983
11961.820,1.099246
11963.773,1.099610
11963.773,1.088706
11965.371,1.089625
11965.371,1.090557
11967.147,1.102124
11967.147,1.090449
11969.101,1.090706
11969.101,1.092510
11970.876,1.100482
11970.876,1.100225
11972.830,1.091017
11974.428,1.091482
11974.428,1.100225
11976.381,1.090611
11976.381,1.102023
11978.157,1.102333
11978.157,1.092456
11979.933,1.101199
11979.933,1.101563
11981.887,1.102387
11983.485,1.102435
11983.485,1.101766
11985.438,1.093023
11985.438,1.104590
11987.214,1.105265
11987.214,1.104131
11989.167,1.103671
11989.167,1.105056
11990.943,1.094158
11990.943,1.095591
11992.541,1.094725
11994.495,1.093644
11994.495,1.092713
11996.271,1.102076
11996.271,1.093644
11998.224,1.094725
11998.224,1.103563
12000.000,1.102387
12000.000,1.092922
12001.776,1.099867
12003.552,1.100530
12003.552,1.100894
12005.327,1.099867
12005.327,1.100225
12007.281,1.089321
12007.281,1.097598
12009.057,1.088085
12009.057,1.099813
12010.833,1.087416
12012.608,1.096726
12012.608,1.096212
12014.562,1.096469
12014.562,1.087673
12016.338,1.096726
12016.338,1.096266
12018.113,1.096935
12018.113,1.096881
12019.889,1.096212
12019.889,1.085511
12021.665,1.095496
12023.619,1.097496
12023.619,1.098678
12025.394,1.097550
12025.394,1.097753
12027.348,1.095800
12027.348,1.085105
12028.946,1.095442
12028.946,1.084388
12030.722,1.093949
12032.675,1.084436
12032.675,1.084537
12034.451,1.084740
12034.451,1.084484
12036.405,1.084902
12036.405,1.093949
12038.003,1.083152
12038.003,1.081611
12039.956,1.090246
12039.956,1.078416
12041.732,1.089368
12043.508,1.089679
12043.508,1.090760
12045.461,1.080064
12045.461,1.080883
12047.060,1.091381
12047.060,1.089476
12049.013,1.079599
12049.013,1.079449
12050.789,1.090557
12052.742,1.078416
12052.742,1.079909
12054.518,1.080578
12054.518,1.088706
12056.116,1.075998
12056.116,1.077801
12058.070,1.076308
12058.070,1.077592
12059.846,1.087625
12059.846,1.078160
12061.799,1.088449
12063.575,1.088497
12063.575,1.078673
12065.173,1.078572
12065.173,1.089016
12067.126,1.078315
12067.126,1.077240
12068.902,1.089064
12068.902,1.079240
12070.856,1.078781
12072.631,1.087882
12072.631,1.086132
12074.407,1.074254
12074.407,1.075281
12076.183,1.074821
12076.183,1.086496
12077.959,1.085415
12077.959,1.083922
12079.912,1.084794
12079.912,1.075741
12081.688,1.076511
12083.464,1.076105
12083.464,1.084848
12085.240,1.075902
12085.240,1.084949
12087.193,1.086078
12087.193,1.077240
12088.969,1.087882
12088.969,1.087571
12090.745,1.075902
12092.521,1.086801
12092.521,1.086592
12094.297,1.083044
12094.297,1.082173
12096.250,1.073997
12096.250,1.076511
12098.026,1.086645
12098.026,1.088294
12099.979,1.088294
12101.578,1.078673
12101.578,1.087983
12103.353,1.077544
12103.353,1.077186
12105.307,1.078727
12105.307,1.078315
12107.083,1.088706
12107.083,1.079808
12109.036,1.090193
12109.036,1.082274
12110.634,1.083612
12112.588,1.083821
12112.588,1.093483
12114.364,1.084125
12114.364,1.084949
12116.139,1.093644
12116.139,1.084537
12118.093,1.085051
12118.093,1.085773
12119.691,1.085983
12121.644,1.086753
12121.644,1.097036
12123.420,1.097854
12123.420,1.087571
12125.374,1.088497
12125.374,1.088962
12127.149,1.088855
12127.149,1.089273
12128.748,1.088753
12128.748,1.090246
12130.701,1.099300
12132.477,1.089016
12132.477,1.089219
12134.430,1.089476
12134.430,1.090963
12136.206,1.090867
12136.206,1.091273
12137.982,1.091172
12137.982,1.100124
12139.758,1.098529
12141.534,1.098625
12141.534,1.098732
12143.487,1.088807
12143.487,1.087010
12145.263,1.088449
12145.263,1.098368
12147.039,1.098625
12147.039,1.089064
12148.815,1.098786
12148.815,1.098475
12150.768,1.089679
12152.544,1.099867
12152.544,1.099658
12154.320,1.089530
12154.320,1.098368
12156.096,1.100124
12156.096,1.100840
12157.871,1.102644
12157.871,1.103104
12159.825,1.093483
12161.601,1.094415
12161.601,1.103205
12163.376,1.094773
12163.376,1.104077
12165.152,1.092820
12165.152,1.103253
12166.928,1.102023
12166.928,1.093178
12168.882,1.094253
12170.657,1.105056
12170.657,1.092354
12172.611,1.103307
12172.611,1.093740
12174.209,1.103104
12174.209,1.102226
12175.985,1.093949
12175.985,1.092563
12177.938,1.093483
12177.938,1.104029
12179.714,1.094158
12181.668,1.094361
12181.668,1.105415
12183.266,1.095854
12183.266,1.106854
12185.219,1.095334
12185.219,1.095185
12186.995,1.105522
12186.995,1.106495
12188.771,1.096469
12190.724,1.097341
12190.724,1.098625
12192.322,1.108353
12192.322,1.097341
12194.276,1.108138
12194.276,1.106854
12196.052,1.106394
12196.052,1.095543
12198.005,1.106495
12198.005,1.106137
12199.781,1.095334
12201.379,1.106036
12201.379,1.105415
12203.333,1.104184
12203.333,1.105158
12205.108,1.105624
12205.108,1.095591
12207.062,1.095902
12207.062,1.095699
12208.838,1.094671
12210.614,1.095699
12210.614,1.095286
12212.389,1.103725
12212.389,1.104131
12214.165,1.094982
12214.165,1.106083
12216.119,1.097341
12216.119,1.107576
12217.894,1.097191
12217.894,1.106597
12219.670,1.106292
12221.446,1.095645
12221.446,1.104698
12223.400,1.104901
12223.400,1.105570
12225.175,1.106549
12225.175,1.105468
12226.951,1.106036
12226.951,1.106083
12228.727,1.106137
12230.503,1.105880
12230.503,1.104387
12232.456,1.094618
12232.456,1.104286
12234.232,1.093740
12234.232,1.094618
12236.186,1.105110
12236.186,1.105056
12237.784,1.105880
12239.560,1.104184
12239.560,1.096158
12241.513,1.106961
12241.513,1.104752
12243.289,1.104184
12243.289,1.095334
12245.242,1.093644
12245.242,1.102482
12246.840,1.101820
12246.840,1.100428
12248.616,1.091327
12250.570,1.101509
12250.570,1.091220
12252.346,1.092253
12252.346,1.103820
12254.299,1.093226
12254.299,1.105265
12255.897,1.105212
12255.897,1.103981
12257.851,1.103468
12259.626,1.094158
12259.626,1.104901
12261.402,1.094050
12261.402,1.103307
12263.356,1.104077
12263.356,1.094050
12264.954,1.093949
12264.954,1.094618
12266.907,1.104901
12266.907,1.096881
12268.683,1.097036
12270.637,1.096881
12270.637,1.109069
12272.412,1.109893
12272.412,1.108813
12274.011,1.099962
12274.011,1.111279
12275.964,1.109481
12275.964,1.111792
12277.740,1.113387
12279.693,1.103874
12279.693,1.104238
12281.469,1.104955
12281.469,1.105009
12283.245,1.105624
12283.245,1.104286
12285.021,1.112670
12285.021,1.112617
12286.797,1.102996
12286.797,1.113238
12288.750,1.113285
12290.526,1.114008
12290.526,1.114157
12292.302,1.104238
12292.302,1.105522
12294.078,1.115340
12294.078,1.115292
12296.031,1.116731
12296.031,1.105779
12297.807,1.115393
12299.583,1.104644
12299.583,1.104853
12301.359,1.105265
12301.359,1.105212
12303.134,1.113076
12303.134,1.102948
12305.088,1.110968
12305.088,1.100016
12306.864,1.111076
12306.864,1.101252
12308.817,1.101306
12310.415,1.111482
12310.415,1.101252
12312.191,1.100380
12312.191,1.099043
12314.144,1.098786
12314.144,1.110096
12315.920,1.101097
12315.920,1.101664
